Rua; Pred; Niv; Ap; Cod.; Produto; Tipo; Palete ; VAL. 1; VAL. 2; VAL. 3; VAL. 4; DATA ABASTEC.;
1;1;0;1;618;ACC VDC GASTRO INTESTINAL LOW FAT 1,5KG;AP;MEIO;15/07/2026;;;;;;;;;1;3;1;1;;1;1;0;1;10/09/2025;
1;1;0;2;1296;ACC VDC SATIETY SMALL DOG 1,5KG;AP;MEIO;31/08/2026;;;;;;;;;1;1;2;2;;1;1;0;2;04/07/2025;
1;1;0;3;1056;ACC VDC DIABETIC 1,5KG;AP;MEIO;29/08/2026;30/10/2026;;;;;;;;;;;;;1;1;0;3;11/06/2025;
1;1;0;4;681;ACC VDC SATIETY SUP 1,5KG;AP;MEIO;24/10/2026;15/11/2026;;;;;;;;;;;;;1;1;0;4;09/07/2025;
1;1;2;1;157;ACC VDC GASTRO INTESTINAL 2KG;AE;INTEIRO;21/11/2026;;;;1;1;2;1;;;;;;;;;;;09/07/2025;
1;1;2;2;1020;ACC VDC HYPOALLERGENIC SMALL 2KG;AE;INTEIRO;05/08/2026;;;;1;1;2;2;;;;;;;;;;;23/06/2025;
1;2;0;1;619;ACC FHN EXIGENT 1,5KG;AP;MEIO;03/09/2026;14/09/2026;;;;;;;;1;8;2;1;;1;2;0;1;09/07/2025;
1;2;0;2;523;ACC FHN STERILISED 1,5KG;AP;MEIO;03/09/2026;;;;;;;;;1;2;2;1;;1;2;0;2;25/06/2025;
1;2;0;3;698;ACC FHN STERILISED 7+ 1,5KG;AP;MEIO;11/10/2026;16/11/2026;;;;;;;;;;;;;1;2;0;3;09/07/2025;
1;2;0;4;594;ACC FHN KITTEN 1,5KG;AP;MEIO;08/08/2026;;;;;;;;;;;;;;1;2;0;4;;
1;2;2;1;1333;ACC VDC URINARY SMALL DOG 2KG;AE;INTEIRO;31/10/2026;;;;1;2;2;1;;;;;;523;;;;;26/06/2025;
1;2;2;2;523;ACC FHN STERILISED 1,5KG;AE;INTEIRO;11/09/2026;;;;1;2;2;2;;1;5;2;2;523;;;;;06/06/2025;
1;3;0;1;1020;ACC VDC HYPOALLERGENIC SMALL 2KG;AP;MEIO;14/04/2026;;;;;;;;;1;3;2;1;;1;3;0;1;09/07/2025;
1;3;0;2;1333;ACC VDC URINARY SMALL DOG 2KG;AP;MEIO;11/10/2026;;;;;;;;;1;5;2;2;;1;3;0;2;09/07/2025;
1;3;1;1;1296;ACC VDC SATIETY SMALL DOG 1,5KG;AE;INTEIRO;31/08/2026;;;;1;3;1;1;;;;;;;;;;;02/07/2025;
1;3;1;2;1333;ACC VDC URINARY SMALL DOG 2KG;AE;INTEIRO;11/10/2026;;;;1;3;1;2;;;;;;;;;;;08/07/2025;
1;3;2;1;157;ACC VDC GASTRO INTESTINAL 2KG;AE;INTEIRO;08/10/2026;;;;1;3;2;1;;;;;;;;;;;;
1;3;2;2;184;ACC VDF URINARY S/O 1,5KG;AE;INTEIRO;14/11/2026;28/11/2026;;;1;3;2;2;;;;;;;;;;;09/07/2025;
1;4;0;1;657;ACC FHN SENSIBLE 1,5KG;AP;MEIO;31/08/2026;31/09/2026;;;;;;;;1;8;2;2;;1;4;0;1;09/07/2025;
1;4;0;2;700;ACC FHN STERILISED 12+ 1,5KG;AP;MEIO;25/07/2026;13/09/2026;20/09/2026;31/10/2026;;;;;;;;;;;1;4;0;2;18/06/2025;
1;4;0;3;593;ACC FHN INDOOR 1,5KG;AP;TER O;26/08/2026;13/10/2026;;;;;;;;;;;;;1;4;0;3;11/06/2025;
1;4;0;4;706;ACC FHN KITTEN STERILISED 1,5KG;AP;TER O;09/08/2026;29/08/2026;;;;;;;;;;;;;1;4;0;4;02/07/2025;
1;4;0;5;623;ACC FHN LIGHT 1,5KG;AP;TER O;29/05/2026;25/08/2026;;;;;;;;;;;;;1;4;0;5;03/07/2026;
1;4;0;6;1695;ACC FCN DENTAL CARE 1,5KG;AP;TER O;;;;;;;;;;;;;;;1;4;0;6;;
1;4;2;1;752;ACC VDF GASTRO INTESTINAL 1,5KG;AE;INTEIRO;23/10/2026;;;;1;4;2;1;;;;;;;;;;;;
1;4;2;2;619;ACC FHN EXIGENT 1,5KG;AE;INTEIRO;08/10/2026;;;;1;4;2;2;;;;;;;;;;;25/06/2025;
1;5;0;1;1715;ACC VDC G. I. LOW FAT SMALL DOG 1,5KG;AP;MEIO;25/10/2026;;;;;;;;;2;1;2;1;;1;4;2;1;04/07/2025;
1;5;0;2;1023;ACC VDC SKIN CARE AD SMALL 2KG;AP;MEIO;04/09/2026;26/10/2026;;;;;;;;;;;;;1;4;2;2;02/07/2025;
1;5;0;3;166;ACC VDC RENAL 2KG;AP;MEIO;15/07/2026;01/09/2026;10/10/2026;;;;;;;;;;;;1;4;2;1;11/06/2025;
1;5;0;4;155;ACC VDC HYPOALLERGENIC 2KG;AP;MEIO;03/08/2026;04/08/2026;08/11/2026;;;;;;;;;;;;1;4;2;2;02/07/2025;
1;5;2;1;1576;ACC VDC HYPOALLERGENIC MOD CALORIE 2KG;AE;INTEIRO;05/11/2026;;;;1;5;2;1;;;;;;;;;;;;
1;5;2;2;168;ACC VDC HEPATIC 2KG;AE;INTEIRO;12/11/2026;;;;1;5;2;2;;;;;;;;;;;08/07/2025;
1;6;0;1;622;ACC FHN HAIRBALL CARE 1,5KG;AP;MEIO;03/09/2026;15/10/2026;;;;;;;;;;;;;1;6;0;1;18/06/2025;
1;6;0;2;596;ACC FBN PERSIAN 1,5KG;AP;MEIO;16/09/2026;09/10/2026;22/11/2026;;;;;;;;;;;;1;6;0;2;09/07/2025;
1;6;0;3;670;ACC FBN KITTEN PERSIAN 32 1,5KG;AP;TER O;12/08/2026;;;;;;;;;;;;;;1;6;0;3;11/06/2025;
1;6;0;4;771;ACC FHN INDOOR 7+ 1,5KG;AP;TER O;15/10/2026;;;;;;;;;;;;;;1;6;0;4;02/07/2025;
1;6;0;5;620;ACC FHN FIT 1,5KG;AP;TER O;11/09/2026;11/10/2026;26/10/2026;;;;;;;;;;;;1;6;0;5;03/07/2025;
1;6;0;6;592;ACC FHN MOTHER BABY 1,5KG;AP;TER O;08/08/2026;;;;;;;;;;;;;;1;6;0;6;;
1;6;2;1;523;ACC FHN STERILISED 1,5KG;AE;INTEIRO;29/10/2026;;;;1;6;2;1;;;;;;;;;;;23/06/2025;
1;6;2;2;752;ACC VDF GASTRO INTESTINAL 1,5KG;AE;INTEIRO;23/11/2026;;;;1;6;2;2;;;;;;;;;;;08/07/2025;
1;7;0;1;1576;ACC VDC HYPOALLERGENIC MOD CALORIE 2KG;AP;MEIO;01/08/2026;05/11/2026;;;;;;;;;;;;;1;7;0;1;09/07/2025;
1;7;0;2;157;ACC VDC GASTRO INTESTINAL 2KG;AP;MEIO;27/08/2026;07/09/2026;;;;;;;;;;;;;1;7;0;2;09/07/2025;
1;7;0;3;1669;ACC VDC RENAL SMALL 2KG;AP;MEIO;15/09/2026;10/10/2026;20/11/2026;;;;;;;;;;;;1;7;0;3;09/07/20025;
1;7;0;4;1153;ACC VDC GASTRO INTESTINAL PUPPY 2KG;AP;MEIO;03/09/2026;15/11/2026;;;;;;;;;;;;;1;7;0;4;02/07/2025;
1;7;2;1;618;ACC VDC GASTRO INTESTINAL LOW FAT 1,5KG;AE;INTEIRO;25/10/2026;;;;1;7;2;1;;;;;;;;;;;04/07/2025;
1;7;2;2;1296;ACC VDC SATIETY SMALL DOG 1,5KG;AE;INTEIRO;17/09/2026;;;;1;7;2;2;;;;;;;;;;;;
1;8;0;1;184;ACC VDF URINARY S/O 1,5KG;AP;MEIO;12/08/2026;24/10/2026;;;;;;;;;;;;;1;8;0;1;09/07/2025;
1;8;0;2;1300;ACC FCN DIGESTIVE CARE 1,5KG;AP;MEIO;14/08/2026;14/10/2026;22/11/2026;14/11/2026;;;;;;;;;;;1;8;0;2;09/07/2025;
1;8;0;3;621;ACC FHN HAIR & SKIN CARE 1,5KG;AP;TER O;25/08/2026;;;;;;;;;;;;;;1;8;0;3;03/07/2025;
1;8;0;4;704;ACC FCN APPETITE CONTROL 1,5KG;AP;TER O;10/01/2026;01/02/2026;;;;;;;;;;;;;1;8;0;4;11/06/2025;
1;8;0;5;1298;ACC VDF SATIETY 1,5KG;AP;MEIO;09/09/2026;23/10/2026;16/11/2026;;;;;;;;;;;;1;8;0;5;09/07/2025;
1;8;2;1;523;ACC FHN STERILISED 1,5KG;AE;INTEIRO;28/11/2026;;;;1;8;2;1;;;;;;;;;;;09/07/2025;
1;8;2;2;177;ACC VDF HYPOALLERGENIC 1,5KG;AE;INTEIRO;11/11/2026;;;;1;8;2;2;;;;;;;;;;;09/07/2025;
1;9;0;1;168;ACC VDC HEPATIC 2KG;AP;MEIO;30/03/2026;06/08/2026;;;;;;;;;;;;;1;9;0;1;;
1;9;0;2;162;ACC VDC URINARY S/O 2KG;AP;MEIO;01/09/2026;14/10/2026;20/11/2026;;;;;;;;;;;;1;9;0;2;03/07/2025;
1;9;0;3;1451;ACC VDC RENAL SPECIAL 2KG;AP;MEIO;26/07/2026;22/10/2026;;;;;;;;;;;;;1;9;0;3;;
1;9;0;4;164;ACC VDC CARDIAC 2KG;AP;TER O;16/09/2026;;;;;;;;;;;;;;1;9;0;4;03/07/2025;
1;9;0;5;1154;ACC VDC GASTRO INTESTINAL HIGH FIBRE 2KG;AP;TER O;04/09/2026;16/10/2026;;;;;;;;;;;;;1;9;0;5;11/06/2025;
1;9;0;6;1157;ACC VDC GASTRO INTESTINAL MOD CALORIE 2K;AP;MEIO;20/08/2026;;;;;;;;;;;;;;1;9;0;6;;
1;9;2;1;;;AE;INTEIRO;;;;;1;9;2;1;;;;;;;;;;;;
1;9;2;2;618;ACC VDC GASTRO INTESTINAL LOW FAT 1,5KG;AE;INTEIRO;16/08/2026;;;;1;9;2;2;;;;;;;;;;;;
1;10;0;1;752;ACC VDF GASTRO INTESTINAL 1,5KG;AP;TER O;14/09/2026;23/10/2026;;;;;;;;;;;;;1;10;0;1;09/07/2025;
1;10;0;2;177;ACC VDF HYPOALLERGENIC 1,5KG;AP;TER O;09/07/2026;;;;;;;;;;;;;;1;10;0;2;20/06/2025;
1;10;0;3;186;ACC VDF RENAL 1,5KG;AP;MEIO;22/07/2026;05/09/2026;17/09/2026;;;;;;;;;;;;1;10;0;3;11/06/2025;
1;10;0;4;1707;ACC VDF GI HYDROL PROT 1,5KG;AP;MEIO;06/11/2026;;;;;;;;;;;;;;1;10;0;4;;
1;10;0;5;13;ACC VDF HEPATIC FELINE 1,5KG;AP;TER O;06/08/2026;21/10/2026;;;;;;;;;;;;;1;10;0;5;03/07/2025;
1;10;0;6;884;ACC VDF GI FIBRE RESPONSE 1,5KG;AP;TER O;22/10/2026;;;;;;;;;1;6;2;2;;1;10;0;6;08/07/2025;
1;10;0;7;188;ACC VDF DIABETIC 1,5KG;AP;TER O;14/08/2026;;;;;;;;;;;;;;1;10;0;7;;
1;10;0;8;874;ACC VDF RENAL SPECIAL 1,5KG;AP;TER O;20/09/2026;07/10/2026;;;;;;;;1;1;2;1;;1;10;0;8;09/07/2025;
1;10;2;1;177;ACC VDF HYPOALLERGENIC 1,5KG;AE;INTEIRO;09/07/2026;;;;1;10;2;1;;;;;;;;;;;;
1;10;2;2;884;ACC VDF GI FIBRE RESPONSE 1,5KG;AE;INTEIRO;14/08/2026;;;;1;10;2;2;;;;;;;;;;;09/07/2025;
2;1;0;1;1673;ACC SHN MAXI PUPPY/JR 4KG;AP;TER O;27/08/2026;;;;;;;;;;;;;;2;1;0;1;;
2;1;0;2;1661;ACC VHN ANALLERGENIC CANINE 4KG;AP;TER O;23/12/2025;23/09/2025;;;;;;;;;;;;;2;1;0;2;;
2;1;0;3;1578;ACC VDF HYPOALLERGENIC 4KG;AP;MEIO;08/04/2026;09/07/2026;;;;;;;;2;3;2;2;;2;1;0;3;25/06/2025;
2;1;0;4;1331;ACC SBN MALTES AD 2,5KG;AP;MEIO;10/08/2026;13/09/2026;;;;;;;;;;;;;2;1;0;4;;
2;1;0;5;1630;ACC CCN MINI DIGEST CARE 2,5KG;AP;MEIO;10/07/2026;09/08/2026;;;;;;;;;;;;;2;1;0;5;;
2;1;2;1;1715;ACC VDC G. I. LOW FAT SMALL DOG 1,5KG;AE;INTEIRO;25/10/2026;;;;2;1;2;1;;;;;;;;;;;23/06/2025;
2;1;2;2;1296;ACC VDC SATIETY SMALL DOG 1,5KG;AE;INTEIRO;16/10/2026;;;;2;1;2;2;;;;;;;;;;;;
2;2;0;1;1347;ACC SHN MINI INDOOR PUPPY/JR 2,5K;AP;MEIO;19/08/2026;;;;;;;;;;;;;;2;2;0;1;;
2;2;0;2;1358;ACC SHN MINI INDOOR ADULT 2,5KG;AP;MEIO;30/08/2026;;;;;;;;;;;;;;2;2;0;2;10/06/2025;
2;2;0;3;1355;ACC SBN BULLDOG FRANCES PUPPY 2,5KG;AP;MEIO;01/02/2026;;;;;;;;;;;;;;2;2;0;3;11/06/2025;
2;2;0;4;1339;ACC SHN X-SMALL AD 8+ 2,5KG;AP;MEIO;31/08/2026;;;;;;;;;;;;;;2;2;0;4;;
2;2;2;1;1358;ACC SHN MINI INDOOR ADULT 2,5KG;AE;INTEIRO;19/09/2026;;;;2;2;2;1;;;;;;;;;;;;
2;2;2;2;1329;ACC SBN SHIH TZU AD 2,5KG;AE;INTEIRO;12/10/2026;;;;2;2;2;2;;;;;;;;;;;26/06/2025;
2;3;0;1;1579;ACC VDF SATIETY 4KG;AP;MEIO;02/09/2026;06/09/2026;;;;;;;;;;;;;2;3;0;1;11/06/2025;
2;3;0;2;1577;ACC VDF GASTRO INTESTINAL 4KG;AP;MEIO;26/08/2026;20/09/2026;23/10/2026;;;;;;;;;;;;2;3;0;2;11/06/2025;
2;3;0;3;46;ACC SBN YORKSHIRE AD 8+ 2,5KG;AP;TER O;22/04/2026;;;;;;;;;;;;;;2;3;0;3;;
2;3;0;4;1341;ACC SBN YORKSHIRE PUPPY 2,5KG;AP;TER O;29/05/2026;19/07/2026;;;;;;;;;;;;;2;3;0;4;11/06/2025;
2;3;0;5;1350;ACC SBN BULLDOG FRANCES AD 2,5KG;AP;MEIO;13/10/2026;27/10/2026;;;;;;;;;;;;;2;3;0;5;11/06/2025;
2;3;2;1;1579;ACC VDF SATIETY 4KG;AE;INTEIRO;23/10/2026;;;;2;3;2;1;;;;;;;;;;;11/06/2025;
2;3;2;2;1329;ACC SBN SHIH TZU AD 2,5KG;AE;INTEIRO;12/10/2026;;;;2;3;2;2;;;;;;;;;;;24/06/2025;
2;4;0;1;1329;ACC SBN SHIH TZU AD 2,5KG;AP;MEIO;08/08/2026;06/09/2026;;;;;;;;;;;;;2;4;0;1;;
2;4;0;2;1485;ACC SHN MINI INDOOR SENIOR 2,5 KG;AP;MEIO;18/08/2026;10/09/2026;;;;;;;;2;2;2;2;;2;4;0;2;26/06/2025;
2;4;0;3;1334;ACC SHN MINI ADULT 8+ 2,5KG;AP;MEIO;03/09/2026;12/10/2026;;;;;;;;;;;;;2;4;0;3;11/06/2025;
2;4;0;4;1336;ACC SHN MINI PUPPY/JR 2,5KG;AP;MEIO;12/09/2026;;;;;;;;;;;;;;2;4;0;4;;
2;4;2;1;1485;ACC SHN MINI INDOOR SENIOR 2,5 KG;AE;INTEIRO;10/10/2026;;;;2;4;2;1;;;;;;;;;;;11/06/2025;
2;4;2;2;1358;ACC SHN MINI INDOOR ADULT 2,5KG;AE;INTEIRO;21/10/2026;;;;2;4;2;2;;;;;;;;;;;23/06/2025;
2;5;0;1;1581;ACC VDF URINARY S/O 4KG;AP;TER O;26/08/2026;;;;;;;;;;;;;;2;5;0;1;;
2;5;0;2;1623;ACC VDF RENAL SPECIAL 4KG;AP;TER O;20/09/2026;;;;;;;;;;;;;;2;5;0;2;;
2;5;0;3;1622;ACC VDF RENAL 4KG;AP;TER O;17/09/2026;31/10/2026;;;;;;;;;;;;;2;5;0;3;11/06/2025;
2;5;0;4;1453;ACC FHN KITTEN 4KG;AP;TER O;28/10/2026;;;;;;;;;;;;;;2;5;0;4;10/06/2025;
2;5;0;5;1344;ACC SBN PUG AD 2,5KG;AP;MEIO;16/07/2026;;;;;;;;;;;;;;2;5;0;5;;
2;5;0;6;1340;ACC SHN MEDIUM ADULT 2,5KG;AP;MEIO;22/10/2026;;;;;;;;;;;;;;2;5;0;6;;
2;5;2;1;1020;ACC VDC HYPOALLERGENIC SMALL 2KG;AE;INTEIRO;06/08/2026;;;;2;5;2;1;;;;;;;;;;;;
2;5;2;2;1577;ACC VDF GASTRO INTESTINAL 4KG;AE;INTEIRO;23/10/2026;;;;2;5;2;2;;;;;;;;;;;;
2;6;0;1;1343;ACC SBN YORKSHIRE AD 2,5KG;AP;MEIO;21/07/2026;10/09/2026;12/10/2026;;;;;;;;;;;;2;6;0;1;11/06/2025;
2;6;0;2;1337;ACC SHN X-SMALL AD 2,5KG;AP;MEIO;22/07/2026;;;;;;;;;;;;;;2;6;0;2;;
2;6;0;3;1346;ACC SBN SHIH TZU PUPPY 2,5KG;AP;MEIO;27/03/2026;11/06/2026;16/09/2026;;;;;;;;;;;;2;6;0;3;11/06/2025;
2;6;0;4;1354;ACC SHN X-SMALL PUPPY/JR 2,5 K;AP;MEIO;14/09/2026;25/10/2026;;;;;;;;;;;;;2;6;0;4;11/06/2025;
2;6;2;1;1337;ACC SHN X-SMALL AD 2,5KG;AE;INTEIRO;25/10/2026;;;;2;6;2;1;;;;;;;;;;;;
2;6;2;2;618;ACC VDC GASTRO INTESTINAL LOW FAT 1,5KG;AE;INTEIRO;25/10/2026;;;;2;6;2;2;;;;;;;;;;;;
2;7;0;1;1455;ACC FHN STERILISED 37 4KG;AP;MEIO;17/08/2026;11/10/2026;14/11/2026;;;;;;;;;;;;2;7;0;1;11/06/2025;
2;7;0;2;1561;ACC FHN STERILISED 7+ 4KG;AP;MEIO;02/09/2026;11/10/2026;;;;;;;;;;;;;2;7;0;2;11/06/2025;
2;7;0;3;1620;ACC SHN MINI RELAX CARE 2,5 KG;AP;TER O;26/07/2025;;;;;;;;;;;;;;2;7;0;3;;
2;7;0;4;1361;ACC SHN MEDIUM PUPPY/JR 2,5KG;AP;TER O;20/07/2026;31/08/2026;;;;;;;;;;;;;2;7;0;4;;
2;7;0;5;1352;ACC SBN DACHSHUND AD 2,5KG;AP;TER O;23/07/2026;18/09/2026;;;;;;;;;;;;;2;7;0;5;;
2;7;0;6;1470;ACC SBN PUG PUPPY 2,5KG;AP;TER O;11/09/2025;07/02/2026;;;;;;;;;;;;;2;7;0;6;;
2;7;2;1;618;ACC VDC GASTRO INTESTINAL LOW FAT 1,5KG;AE;INTEIRO;10/08/2026;;;;2;7;2;1;;;;;;;;;;;;
2;7;2;2;1358;ACC SHN MINI INDOOR ADULT 2,5KG;AE;INTEIRO;30/08/2026;;;;2;7;2;2;;;;;;;;;;;13/06/2025;
2;8;0;1;1359;ACC SHN MINI ADULT 2,5KG;AP;MEIO;18/09/2026;;;;;;;;;;;;;;2;8;0;1;;
2;8;0;2;1328;ACC SHN MINI LIGHT 2,5KG;AP;MEIO;28/08/2026;09/10/2026;27/10/2026;;;;;;;;;;;;2;8;0;2;11/06/2025;
2;8;0;3;1348;ACC SBN POODLE AD 2,5KG;AP;TER O;25/02/2026;08/06/2026;;;;;;;;;;;;;2;8;0;3;;
2;8;0;4;1360;ACC SBN DACHSHUND PUPPY 2,5KG;AP;TER O;08/10/2025;;;;;;;;;;;;;;2;8;0;4;;
2;8;0;5;1363;ACC SBN MALTES PUPPY 2,5KG;AP;TER O;;;;;;;;;;;;;;;2;8;0;5;;
2;8;0;6;1345;ACC SBN SCHNAUZER AD 2,5KG;AP;TER O;10/06/2026;25/07/2026;;;;;;;;;;;;;2;8;0;6;11/06/2025;
2;8;2;1;1296;ACC VDC SATIETY SMALL DOG 1,5KG;AE;INTEIRO;31/08/2026;;;;2;8;2;1;;;;;;;;;;;;
2;8;2;2;1020;ACC VDC HYPOALLERGENIC SMALL 2KG;AE;INTEIRO;14/04/2026;;;;2;8;2;2;;;;;;;;;;;;
2;9;0;1;1454;ACC FHN EXIGENT 4KG;AP;MEIO;15/08/2026;14/09/2026;;;;;;;;;;;;;2;9;0;1;;
2;9;0;2;1541;ACC FHN KITTEN STERILISED 4,0KG;AP;TER O;10/02/2026;25/03/2026;;;;;;;;;;;;;2;9;0;2;;
2;9;0;3;1456;ACC FHN SENSIBLE 33  4KG;AP;TER O;31/08/2026;;;;;;;;;;;;;;2;9;0;3;;
2;9;0;4;1619;ACC SHN MINI COAT CARE 2,5 KG;AP;TER O;23/07/2026;19/09/2026;;;;;;;;;;;;;2;9;0;4;;
2;9;0;5;216;ACC CCN MINI DENTAL CARE 2,5KG;AP;TER O;;;;;;;;;;;;;;;2;9;0;5;;
2;9;0;6;1689;ACC FCN DIGESTIVE CARE 3KG;AP;TER O;14/08/2026;31/08/2026;;;;;;;;;;;;;2;9;0;6;11/06/2025;
2;9;0;7;1690;ACC FHN HAIR & SKIN CARE 3KG;AP;TER O;25/08/2026;;;;;;;;;;;;;;2;9;0;7;;
2;9;2;1;1347;ACC SHN MINI INDOOR PUPPY/JR 2,5K;AE;INTEIRO;08/10/2026;;;;2;9;2;1;;;;;;;;;;;;
2;9;2;2;1527;ACC SBN POMERANIAN ADULT 2,5KG;AE;INTEIRO;10/10/2026;;;;2;9;2;2;;;;;;;;;;;09/06/2025;
2;10;0;1;1353;ACC SHN MINI DERMACOMFORT 2,5KG;AP;MEIO;01/09/2026;13/10/2026;;;;;;;;;;;;;2;10;0;1;11/06/2025;
2;10;0;2;1527;ACC SBN POMERANIAN ADULT 2,5KG;AP;MEIO;10/08/2026;;;;;;;;;;;;;;2;10;0;2;;
2;10;0;3;1351;ACC SHN MINI AGEING 12+ 2,5KG;AP;MEIO;20/10/2026;;;;;;;;;;;;;;2;10;0;3;11/06/2025;
2;10;0;4;1674;ACC SBN GOLDEN PUPPY 3KG;AP;TER O;16/05/2026;08/08/2025;;;;;;;;;;;;;2;10;0;4;;
2;10;0;5;1461;ACC SHN MEDIUM DERMACOMFORT 2,5 KG;AP;TER O;10/08/2026;16/10/2026;;;;;;;;;;;;;2;10;0;5;;
2;10;2;1;1358;ACC SHN MINI INDOOR ADULT 2,5KG;AE;INTEIRO;09/10/2026;;;;2;10;2;1;;;;;;;;;;;;
2;10;2;2;1359;ACC SHN MINI ADULT 2,5KG;AE;INTEIRO;07/10/2026;14/10/2026;31/10/2026;;2;10;2;2;;;;;;;;;;;11/06/2025;
2;11;0;1;1562;ACC FHN MOTHER BABY 4,0KG;AP;TER O;14/09/2026;;;;;;;;;;;;;;2;11;0;1;;
2;11;0;2;1468;ACC FBN MAINE COON 31  4KG;AP;TER O;11/08/2026;02/11/2026;;;;;;;;;;;;;2;11;0;2;11/06/2025;
2;11;0;3;1677;ACC FHN STERILISED 12+ 4KG;AP;MEIO;28/08/2026;21/09/2026;15/10/2026;;;;;;;;;;;;2;11;0;3;11/06/2025;
2;11;0;4;1692;ACC FHN LIGHT 3KG;AP;TER O;;;;;;;;;;;;;;;2;11;0;4;;
2;11;0;5;1668;ACC VDF ANALLERGENIC FELINE 2,5KG;AP;TER O;08/07/2026;;;;;;;;;;;;;;2;11;0;5;;
2;11;0;6;1693;ACC FCN APPETITE CONTROL 3KG;AP;TER O;15/07/2026;;;;;;;;;;;;;;2;11;0;6;;
2;11;0;7;1691;ACC FHN HAIRBALL CARE 3KG;AP;TER O;03/09/2026;03/09/2026;16/11/2026;;;;;;;;;;;;2;11;0;7;11/06/2025;
2;11;2;1;1020;ACC VDC HYPOALLERGENIC SMALL 2KG;AE;INTEIRO;06/08/2026;;;;2;11;2;1;;;;;;;;;;;23/06/2025;
2;11;2;2;1296;ACC VDC SATIETY SMALL DOG 1,5KG;AE;INTEIRO;09/10/2026;;;;2;11;2;2;;;;;;;;;;;23/06/2025;
3;1;0;1;24;ACC SHN MINI INDOOR ADULT 7,5KG;AP;MEIO;14/12/2026;;;;;;;;;;;;;;3;1;0;1;;
3;1;0;2;6;ACC SHN MINI ADULT 7,5KG;AP;MEIO;22/03/2026;08/04/2026;;;;;;;;3;3;2;1;;3;1;0;2;26/06/2025;
3;1;0;3;1629;ACC CCN MINI DIGEST CARE 7,5KG;AP;MEIO;20/11/2025;08/02/2026;;;;;;;;;;;;;3;1;0;3;;
3;1;0;4;3;ACC SHN MINI PUPPY/JR 7,5KG;AP;MEIO;22/09/2025;14/03/2026;;;;;;;;;;;;;3;1;0;4;;
3;1;2;1;24;ACC SHN MINI INDOOR ADULT 7,5KG;AE;INTEIRO;11/04/2026;;;;3;1;2;1;;;;;;;;;;;;
3;1;2;2;24;ACC SHN MINI INDOOR ADULT 7,5KG;AE;INTEIRO;11/04/2026;;;;3;1;2;2;;;;;;;;;;;;
3;2;0;1;682;ACC VDC SATIETY SUP 10,1KG;AP;MEIO;09/03/2026;;;;;;;;;;;;;;3;2;0;1;;
3;2;0;2;599;ACC VDC GASTRO INTESTINAL LOW FAT10,1KG;AP;MEIO;07/03/2026;;;;;;;;;3;2;2;1;;3;2;0;2;11/06/2025;
3;2;1;1;156;ACC VDC HYPOALLERGENIC 10.1KG;AE;INTEIRO;03/04/2026;;;;3;2;1;1;;;;;;;;;;;;
3;2;1;2;;;AE;INTEIRO;;;;;3;2;1;2;;;;;;;;;;;21/06/2025;
3;2;2;1;;;AE;INTEIRO;;;;;3;2;2;1;;;;;;;;;;;;
3;2;2;2;599;ACC VDC GASTRO INTESTINAL LOW FAT10,1KG;AE;INTEIRO;26/04/2026;;;;3;2;2;2;;3;10;2;2;;;;;;24/06/2025;
3;3;0;1;1495;ACC SHN MINI INDOOR SENIOR 7,5 KG;AP;MEIO;12/03/2026;11/04/2026;;;;;;;;;;;;;3;3;0;1;;
3;3;0;2;21;ACC SHN MINI INDOOR PUPPY/JR 7,5K;AP;MEIO;20/08/2025;06/12/2025;18/02/2026;;;;;;;;;;;;3;3;0;2;;
3;3;0;3;53;ACC SBN DACHSHUND AD 7,5KG;AP;MEIO;28/08/2025;;;;;;;;;;;;;;3;3;0;3;;
3;3;0;4;666;ACC SBN PUG AD 7,5KG;AP;MEIO;23/11/2025;24/01/2026;;;;;;;;;;;;;3;3;0;4;;
3;3;2;1;;;AE;INTEIRO;;;;;3;3;2;1;;;;;;;;;;;;
3;3;2;2;24;ACC SHN MINI INDOOR ADULT 7,5KG;AE;INTEIRO;11/04/2026;;;;3;3;2;2;;;;;;;;;;;;
3;4;0;1;1575;ACC VDC HYPOALLERGENIC MOD CALORIE 10,1K;AP;MEIO;14/10/2026;;;;;;;;3;;;;;;3;4;0;1;;
3;4;0;2;158;ACC VDC GASTRO INTESTINAL 10,1KG;AP;MEIO;18/02/2026;15/03/2026;09/04/2026;;;;;;;;;;;;3;4;0;2;;
3;4;1;1;156;ACC VDC HYPOALLERGENIC 10.1KG;AE;INTEIRO;04/04/2026;;;;3;4;1;1;;;;;;;;;;;;
3;4;1;2;158;ACC VDC GASTRO INTESTINAL 10,1KG;AE;INTEIRO;09/04/2026;28/04/2026;;;3;4;1;2;;;;;;;;;;;;
3;4;2;1;682;ACC VDC SATIETY SUP 10,1KG;AE;INTEIRO;22/03/2026;;;;3;4;2;1;;;;;;;;;;;;
3;4;2;2;599;ACC VDC GASTRO INTESTINAL LOW FAT10,1KG;AE;INTEIRO;13/06/2026;;;;3;4;2;2;;;;;;;;;;;;
3;5;0;1;892;ACC SHN MINI ADULT 8+ 7,5KG;AP;MEIO;17/03/2026;14/04/2026;;;;;;;;;;;;;3;5;0;1;;
3;5;0;2;12;ACC SHN MINI LIGHT 7,5KG;AP;MEIO;28/09/2025;14/01/2026;10/04/2026;;;;;;;;;;;;3;5;0;2;;
3;5;0;3;60;ACC SBN SCHNAUZER AD 7,5KG;AP;MEIO;10/12/2025;24/01/2026;;;;;;;;;;;;;3;5;0;3;;
3;5;0;4;1526;ACC SBN POMERANIAN ADULT 7,5KG;AP;MEIO;09/02/2026;11/04/2026;;;;;;;;;;;;;3;5;0;4;;
3;5;2;1;1297;ACC VDC SATIETY SMALL DOG 7,5KG;AE;INTEIRO;19/03/2026;;;;3;5;2;1;;;;;;;;;;;;
3;5;2;2;21;ACC SHN MINI INDOOR PUPPY/JR 7,5K;AE;INTEIRO;09/04/2026;;;;3;5;2;2;;;;;;;;;;;;
3;6;0;1;1117;ACC VDC DIABETIC 10,1KG;AP;MEIO;28/02/2026;15/05/2026;;;;;;;;;;;;;3;6;0;1;;
3;6;0;2;156;ACC VDC HYPOALLERGENIC 10.1KG;AP;MEIO;14/10/2025;03/04/2026;;;;;;;;3;2;1;2;;3;6;0;2;21/06/2025;
3;6;1;1;1495;ACC SHN MINI INDOOR SENIOR 7,5 KG;AE;INTEIRO;11/04/2026;;;;3;6;1;1;;;;;;;;;;;;
3;6;1;2;1313;ACC CAT PREM AD CASTRADO 10,1KG;AE;INTEIRO;09/01/2026;25/02/2026;;;3;6;1;2;;;;;;;;;;;;
3;6;2;1;682;ACC VDC SATIETY SUP 10,1KG;AE;INTEIRO;25/04/2026;;;;3;6;2;1;;;;;;;;;;;;
3;6;2;2;682;ACC VDC SATIETY SUP 10,1KG;AE;INTEIRO;18/03/2026;;;;3;6;2;2;;;;;;;;;;;;
3;7;0;1;47;ACC SBN YORKSHIRE AD 7,5KG;AP;MEIO;06/02/2026;01/03/2026;12/03/2026;;;;;;;;;;;;3;7;0;1;;
3;7;0;2;57;ACC SBN SHIH TZU AD 7,5KG;AP;MEIO;21/01/2026;07/02/2026;08/03/2026;13/04/2026;;;;;;;;;;;3;7;0;2;;
3;7;0;3;1287;ACC SHN MINI DERMACOMFORT 7,5KG;AP;MEIO;03/03/2026;15/04/2026;;;;;;;;;;;;;3;7;0;3;;
3;7;0;4;;;AP;MEIO;;;;;;;;;;;;;;;3;7;0;4;;
3;7;2;1;6;ACC SHN MINI ADULT 7,5KG;AE;INTEIRO;15/04/2026;;;;3;7;2;1;;;;;;;;;;;;
3;7;2;2;1297;ACC VDC SATIETY SMALL DOG 7,5KG;AE;INTEIRO;17/04/2026;;;;3;7;2;2;;;;;;;;;;;;
3;8;0;1;163;ACC VDC URINARY S/O 10,1KG;AP;MEIO;10/01/2026;15/04/2026;;;;;;;;;;;;;3;8;0;1;;
3;8;0;2;169;ACC VDC HEPATIC 10,1KG;AP;MEIO;29/09/2025;05/02/2026;;;;;;;;;;;;;3;8;0;2;;
3;8;1;1;1542;ACC FHN EXIGENT 10.1KG;AE;INTEIRO;24/04/2026;;;;3;8;1;1;;;;;;;;;;;;
3;8;1;2;1117;ACC VDC DIABETIC 10,1KG;AE;INTEIRO;28/02/2026;;;;3;8;1;2;;;;;;;;;;;;
3;8;2;1;599;ACC VDC GASTRO INTESTINAL LOW FAT10,1KG;AE;INTEIRO;15/04/2026;;;;3;8;2;1;;;;;;;;;;;;
3;8;2;2;;;AE;INTEIRO;;;;;3;8;2;2;;;;;;;;;;;;
3;9;0;1;683;ACC SBN BULLDOG FRANCES AD 7,5KG;AP;MEIO;15/01/2026;09/02/2026;05/03/2026;;;;;;;;;;;;3;9;0;1;;
3;9;0;2;1716;ACC VDC G. I. LOW FAT SMALL DOG 7,5KG;AP;MEIO;14/04/2026;;;;;;;;;3;13;2;2;;3;9;0;2;24/06/2025;
3;9;1;1;24;ACC SHN MINI INDOOR ADULT 7,5KG;AE;INTEIRO;17/02/2026;;;;3;9;1;1;;;;;;;;;;;;
3;9;1;2;;;AE;INTEIRO;;;;;3;9;1;2;;;;;;;;;;;;
3;9;2;1;1297;ACC VDC SATIETY SMALL DOG 7,5KG;AE;INTEIRO;17/04/2026;;;;3;9;2;1;;;;;;;;;;;24/06/2025;
3;9;2;2;1297;ACC VDC SATIETY SMALL DOG 7,5KG;AE;INTEIRO;17/04/2026;;;;3;9;2;2;;;;;;;;;;;;
3;10;0;1;1580;ACC VDF URINARY S/O 10,1KG;AP;MEIO;25/02/2026;21/03/2026;;;;;;;;;;;;;3;10;0;1;;
3;10;0;2;167;ACC VDC RENAL 10,1KG;AP;MEIO;13/01/2026;03/03/2026;;;;;;;;;;;;;3;10;0;2;;
3;10;1;1;1332;ACC VDC URINARY SMALL DOG 7,5KG;AE;INTEIRO;12/04/2026;02/05/2026;;;3;10;1;1;;;;;;;;;;;;
3;10;1;2;163;ACC VDC URINARY S/O 10,1KG;AE;INTEIRO;12/04/2026;;;;3;10;1;2;;;;;;;;;;;;
3;10;2;1;682;ACC VDC SATIETY SUP 10,1KG;AE;INTEIRO;13/04/2026;;;;3;10;2;1;;;;;;;;;;;;
3;10;2;2;;;AE;INTEIRO;;;;;3;10;2;2;;;;;;;;;;;;
3;11;0;1;1297;ACC VDC SATIETY SMALL DOG 7,5KG;AP;MEIO;02/03/2026;;;;;;;;;;;;;;3;11;0;1;;
3;11;0;2;1021;ACC VDC HYPOALLERGENIC SMALL 7,5KG;AP;MEIO;03/02/2026;;;;;;;;;;;;;;3;11;0;2;;
3;11;0;3;1024;ACC VDC SKIN CARE AD SMALL 7,5KG;AP;MEIO;11/01/2026;11/02/2026;;;;;;;;;;;;;3;11;0;3;;
3;11;0;4;1452;ACC VDC RENAL SPECIAL 7,5 KG;AP;MEIO;12/12/2025;19/02/2026;;;;;;;;;;;;;3;11;0;4;;
3;11;2;1;682;ACC VDC SATIETY SUP 10,1KG;AE;INTEIRO;25/04/2026;;;;3;11;2;1;;;;;;;;;;;;
3;11;2;2;1021;ACC VDC HYPOALLERGENIC SMALL 7,5KG;AE;INTEIRO;04/02/2026;;;;3;11;2;2;;;;;;;;;;;24/06/2025;
3;12;0;1;1542;ACC FHN EXIGENT 10.1KG;AP;MEIO;16/03/2026;21/03/2026;09/04/2026;;;;;;;;;;;;3;12;0;1;;
3;12;0;2;1560;ACC FHN STERILISED 10,1KG;AP;MEIO;11/11/2025;21/11/2025;;;;;;;;3;8;2;2;;3;12;0;2;06/06/2025;
3;12;0;3;1543;ACC FHN KITTEN 10,1KG;AP;MEIO;14/03/2026;;;;;;;;;;;;;;3;12;0;3;;
3;12;0;4;1621;ACC VDF RENAL 10,1KG;AP;MEIO;21/01/2026;19/02/2026;07/03/2026;19/03/2026;;;;;;;;;;;3;12;0;4;;
3;12;2;1;599;ACC VDC GASTRO INTESTINAL LOW FAT10,1KG;AE;INTEIRO;26/04/2026;;;;3;12;2;1;;;;;;;;;;;;
3;12;2;2;682;ACC VDC SATIETY SUP 10,1KG;AE;INTEIRO;25/04/2026;;;;3;12;2;2;;;;;;;;;;;;
3;13;0;1;1332;ACC VDC URINARY SMALL DOG 7,5KG;AP;MEIO;15/02/2026;07/03/2026;20/03/2026;;;;;;;;;;;;3;13;0;1;;
3;13;0;2;140;ACC FBN PERSIAN 30  7,5KG;AP;MEIO;18/03/2026;10/04/2026;;;;;;;;3;9;1;2;;3;13;0;2;21/06/2025;
3;13;0;3;50;ACC SBN POODLE AD 7,5KG;AP;MEIO;14/04/2026;;;;;;;;;;;;;;3;13;0;3;;
3;13;0;4;1670;ACC VDC RENAL SMALL 7,5KG;AP;MEIO;05/12/2025;25/01/2026;;;;;;;;;;;;;3;13;0;4;;
3;13;2;1;1297;ACC VDC SATIETY SMALL DOG 7,5KG;AE;INTEIRO;10/04/2026;;;;3;13;2;1;;;;;;;;;;;;
3;13;2;2;1716;ACC VDC G. I. LOW FAT SMALL DOG 7,5KG;AE;INTEIRO;26/04/2026;;;;3;13;2;2;;;;;;;;;;;24/06/2025;
3;14;0;1;1313;ACC CAT PREM AD CASTRADO 10,1KG;AP;MEIO;23/01/2026;25/01/2026;26/01/2026;;;;;;;;;;;;3;14;0;1;;
3;14;0;2;1317;ACC CAT PREM AD BELEZA PL 10,1KG;AP;MEIO;10/12/2025;24/01/2026;;;;;;;;;;;;;3;14;0;2;;
3;14;0;3;1315;ACC CAT PREM FILHOTE 10,1KG;AP;MEIO;25/11/2025;;;;;;;;;;;;;;3;14;0;3;;
3;14;0;4;1312;ACC CAT PREM AD VITALIDADE 10,1KG;AP;MEIO;23/01/2026;;;;;;;;;;;;;;3;14;0;4;;
3;14;2;1;;;;;;;;;3;14;2;1;;;;;;;;;;;;
3;14;2;2;682;ACC VDC SATIETY SUP 10,1KG;AE;INTEIRO;25/04/2026;;;;3;14;2;2;;;;;;;;;;;;
3;15;0;1;120;ACC FHN SENSIBLE 7,5KG;AP;MEIO;15/11/2025;08/12/2025;23/03/2026;;;;;;;;;;;;3;15;0;1;;
3;15;0;2;116;ACC FHN FIT 7,5KG;AP;MEIO;13/03/2026;17/04/2026;;;;;;;;;;;;;3;15;0;2;;
3;15;0;3;333;ACC VDC CARDIAC 10,1KG;AP;TER O;;;;;;;;;;;;;;;3;15;0;3;;
3;15;0;4;1156;ACC VDC GAST INT HIGH FIBRE 10,1KG;AP;TER O;;;;;;;;;;;;;;;3;15;0;4;;
3;15;0;5;1155;ACC VDC GASTRO INTESTINAL MOD CALORIE 10;AP;TER O;19/02/2026;;;;;;;;;;;;;;3;15;0;5;;
3;15;0;6;136;ACC FHN LIGHT 7,5KG;AP;MEIO;15/11/2025;24/02/2026;23/03/2026;;;;;;;;;;;;3;15;0;6;;
3;15;2;1;1021;ACC VDC HYPOALLERGENIC SMALL 7,5KG;AE;INTEIRO;03/02/2026;;;;3;15;2;1;;;;;;;;;;;;
3;15;2;2;1297;ACC VDC SATIETY SMALL DOG 7,5KG;AE;INTEIRO;17/04/2026;;;;3;15;2;2;;;;;;;;;;;;
4;1;0;1;997;ACC SHN MEDIUM DERMACOMFORT 10,1KG;AP;MEIO;17/04/2026;;;;;;;;;;;;;;4;1;0;1;;
4;1;0;2;998;ACC SHN MAXI DERMACOMFORT 10,1KG;AP;MEIO;10/01/2026;22/04/2026;;;;;;;;;;;;;4;1;0;2;;
4;1;0;3;;;AP;MEIO;;;;;;;;;;;;;;;4;1;0;3;;
4;1;0;4;1680;ACC CCN MEDIUM DIGESTIVE CARE 10,1KG;AP;MEIO;09/12/2025;22/03/2026;;;;;;;;;;;;;4;1;0;4;;
4;1;2;1;1804;ACC SHN MAXI ADULT 12KG;AE;INTEIRO;13/04/2026;;;;4;1;2;1;;;;;;;;;;;;
4;1;2;2;1836;ACC SHN MEDIUM ADULT 12KG;AE;INTEIRO;18/03/2026;;;;4;1;2;2;;;;;;;;;;;;
4;2;0;1;1804;ACC SHN MAXI ADULT 12KG;AP;MEIO;01/03/2026;;;;;;;;;;;;;;4;2;0;1;;
4;2;0;2;1836;ACC SHN MEDIUM ADULT 12KG;AP;MEIO;06/03/2026;;;;;;;;;4;5;2;1;;4;2;0;2;20/06/2025;
4;2;1;1;38;ACC SHN MAXI PUPPY/JR 15KG;AE;INTEIRO;10/04/2026;;;;4;2;1;1;;;;;;;;;;;;
4;2;1;2;1837;ACC SHN MAXI AGEING 8+ 12KG;AE;INTEIRO;22/03/2026;14/04/2026;;;4;2;1;2;;;;;;;;;;;24/06/2025;
4;2;2;1;38;ACC SHN MAXI PUPPY/JR 15KG;AE;INTEIRO;10/04/2026;;;;4;2;2;1;;;;;;;;;;;;
4;2;2;2;1837;ACC SHN MAXI AGEING 8+ 12KG;AE;INTEIRO;14/04/2026;;;;4;2;2;2;;;;;;;;;;;;
4;3;0;1;1681;ACC CCN MEDIUM LIGHT 10,1KG;AP;MEIO;08/03/2026;10/04/2026;;;;;;;;;;;;;4;3;0;1;;
4;3;0;2;1682;ACC SHN MAXI LIGHT 10,1KG;AP;MEIO;21/03/2026;08/04/2026;29/04/2026;;;;;;;;;;;;4;3;0;2;;
4;3;1;1;1682;ACC SHN MAXI LIGHT 10,1KG;AE;INTEIRO;29/04/2026;;;;4;3;1;1;;;;;;;;;;;;
4;3;1;2;;;AE;INTEIRO;;;;;4;3;1;2;;;;;;;;;;;;
4;3;2;1;1836;ACC SHN MEDIUM ADULT 12KG;AE;INTEIRO;17/04/2026;;;;4;3;2;1;;;;;;;;;;;24/06/2025;
4;3;2;2;1836;ACC SHN MEDIUM ADULT 12KG;AE;INTEIRO;18/03/2026;;;;4;3;2;2;;;;;;;;;;;;
4;4;0;1;38;ACC SHN MAXI PUPPY/JR 15KG;AP;MEIO;08/03/2026;;;;;;;;;;;;;;4;4;0;1;;
4;4;0;2;29;ACC SHN MEDIUM PUPPY/JR 15KG;AP;MEIO;16/01/2026;08/02/2026;27/02/2026;;;;;;;;;;;;4;4;0;2;;
4;4;1;1;77;ACC SPN MEDIUM PUPPY 20KG PRO;AE;INTEIRO;21/03/2026;;;;4;4;1;1;;;;;;;;;;;;
4;4;1;2;29;ACC SHN MEDIUM PUPPY/JR 15KG;AE;INTEIRO;16/03/2026;24/04/2026;;;4;4;1;2;;;;;;;;;;;;
4;4;2;1;1804;ACC SHN MAXI ADULT 12KG;AE;INTEIRO;14/03/2026;;;;4;4;2;1;;;;;;;;;;;;
4;4;2;2;1804;ACC SHN MAXI ADULT 12KG;AE;INTEIRO;13/04/2026;;;;4;4;2;2;;;;;;;;;;;24/06/2025;
4;5;0;1;74;ACC SBN GOLDEN AD 12KG;AP;MEIO;11/02/2026;;;;;;;;;;;;;;4;5;0;1;;
4;5;0;2;68;ACC SBN BULLDOG AD 12KG;AP;MEIO;06/02/2026;;;;;;;;;;;;;;4;5;0;2;;
4;5;0;3;73;ACC SBN ROTTWEILER AD 12KG;AP;MEIO;26/09/2025;15/03/2026;;;;;;;;;;;;;4;5;0;3;;
4;5;0;4;62;ACC SBN LABRADOR AD 12KG;AP;MEIO;04/08/2025;;;;;;;;;;;;;;4;5;0;4;;
4;5;2;1;1836;ACC SHN MEDIUM ADULT 12KG;AE;INTEIRO;18/03/2026;;;;4;5;2;1;;;;;;;;;;;24/05/2026;
4;5;2;2;1836;ACC SHN MEDIUM ADULT 12KG;AE;INTEIRO;06/03/2026;;;;4;5;2;2;;;;;;;;;;;;
4;6;0;1;81;ACC SPN GIANT PUPPY 20KG PRO;AP;MEIO;05/12/2026;;;;;;;;;;;;;;4;6;0;1;;
4;6;0;2;655;ACC SPN MAXI LIGHT 18KG;AP;TER O;14/02/2026;17/04/2026;;;;;;;;;;;;;4;6;0;2;;
4;6;1;1;1688;ACC SPN BREEDING ADULT 18KG PRO;AE;INTEIRO;07/03/2026;;;;4;6;1;1;;;;;;;;;;;23/06/2025;
4;6;1;2;1688;ACC SPN BREEDING ADULT 18KG PRO;AE;INTEIRO;17/03/2026;;;;4;6;1;2;;;;;;;;;;;;
4;6;2;1;1804;ACC SHN MAXI ADULT 12KG;AE;INTEIRO;01/03/2026;;;;4;6;2;1;;;;;;;;;;;;
4;6;2;2;1837;ACC SHN MAXI AGEING 8+ 12KG;AE;INTEIRO;10/01/2026;;;;4;6;2;2;;;;;;;;;;;24/06/2025;
4;7;0;1;328;ACC SBN BULLDOG PUPPY 12KG;AP;MEIO;;;;;;;;;;;;;;;4;7;0;1;;
4;7;0;2;1710;ACC SBN GOLDEN PUPPY 10,1 KG;AP;MEIO;13/03/2026;;;;;;;;;;;;;;4;7;0;2;;
4;7;1;1;38;ACC SHN MAXI PUPPY/JR 15KG;AE;INTEIRO;22/03/2026;;;;4;7;1;1;;;;;;;;;;;24/06/2025;
4;7;1;2;896;ACC SHN MEDIUM AGEING 10+ 15KG;AE;INTEIRO;16/04/2026;;;;4;7;1;2;;;;;;;;;;;;
4;7;2;1;1836;ACC SHN MEDIUM ADULT 12KG;AE;INTEIRO;17/04/2026;;;;4;7;2;1;;;;;;;;;;;24/06/2025;
4;7;2;2;896;ACC SHN MEDIUM AGEING 10+ 15KG;AE;INTEIRO;12/03/2026;;;;4;7;2;2;;;;;;;;;;;;
4;8;0;1;1688;ACC SPN BREEDING ADULT 18KG PRO;AP;MEIO;01/03/2026;;;;;;;;;;;;;;4;8;0;1;;
4;8;0;2;1702;ACC SPN MAXI ADULT 18KG PRO;AP;MEIO;06/02/2026;;;;;;;;;;;;;;4;8;0;2;;
4;8;0;3;1365;ACC SPN X-SMALL AD 20KG PRO;AP;MEIO;15/01/2026;15/03/2026;;;;;;;;;;;;;4;8;0;3;;
4;8;0;4;87;ACC SPN SHIH TZU AD 20KG PRO;AP;MEIO;07/02/2026;;;;;;;;;;;;;;4;8;0;4;;
4;8;0;5;1006;ACC SPN MINI STARTER 20KG PRO;AP;MEIO;16/02/2026;14/03/2026;;;;;;;;;;;;;4;8;0;5;;
4;8;2;1;940;ACC SHN MAXI AGEING 8+ 15KG;AE;INTEIRO;10/01/2026;;;;4;8;2;1;;;;;;;;;;;;
4;8;2;2;1804;ACC SHN MAXI ADULT 12KG;AE;INTEIRO;08/04/2026;;;;4;8;2;2;;;;;;;;;;;;
4;9;0;1;1724;ACC SBN PASTOR ALEMAO AD 10,1KG;AP;MEIO;21/10/2025;;;;;;;;;;;;;;4;9;0;1;;
4;9;0;2;915;ACC SHN MAXI ADULT 5+ 15KG;AP;MEIO;20/03/2026;;;;;;;;;;;;;;4;9;0;2;24/06/2025;
4;9;0;3;1727;ACC SBN PASTOR ALEMAO PUPPY 10,1KG;AP;MEIO;22/11/2025;;;;;;;;;;;;;;4;9;0;3;;
4;9;0;4;671;ACC SBN ROTTWEILER PUPPY 12KG;AP;TER O;;;;;;;;;;;;;;;4;9;0;4;;
4;9;0;5;1719;ACC SBN LABRADOR PUP 10,1KG;AP;TER O;06/02/2026;;;;;;;;;;;;;;4;9;0;5;;
4;9;2;1;1726;ACC SBN BULLDOG AD 10,KG;AE;INTEIRO;12/04/2026;;;;4;9;2;1;;;;;;;;;;;;
4;9;2;2;74;ACC SBN GOLDEN AD 12KG;AE;INTEIRO;15/03/2026;28/04/2026;;;4;9;2;2;;;;;;;;;;;;
4;10;0;1;765;ACC SPN X-SMALL JR 20KG PRO;AP;MEIO;16/03/2026;;;;;;;;;;;;;;4;10;0;1;;
4;10;0;2;76;ACC SPN MINI ADULT 20KG PRO;AP;MEIO;20/03/2026;15/04/2026;;;;;;;;;;;;;4;10;0;2;;
4;10;0;3;;;AP;TER O;;;;;;;;;;;;;;;4;10;0;3;;
4;10;0;4;93;ACC SPN PASTOR ALEMAO AD 20KG PRO;AP;TER O;12/01/2026;06/02/2026;;;;;;;;;;;;;4;10;0;4;;
4;10;0;5;1007;ACC SPN MEDIUM STARTER 20KG PRO;AP;TER O;17/07/2025;;;;;;;;;;;;;;4;10;0;5;;
4;10;0;6;1462;ACC SPN GOLDEN JR 20KG PRO;AP;TER O;27/04/2026;;;;;;;;;;;;;;4;10;0;6;;
4;10;0;7;77;ACC SPN MEDIUM PUPPY 20KG PRO;AP;MEIO;08/02/2026;27/02/2026;21/03/2026;;;;;;;;;;;;4;10;0;7;;
4;10;2;1;1804;ACC SHN MAXI ADULT 12KG;AE;INTEIRO;14/03/2026;;;;4;10;2;1;;;;;;;;;;;;
4;10;2;2;1804;ACC SHN MAXI ADULT 12KG;AE;INTEIRO;13/04/2026;;;;4;10;2;2;;;;;;;;;;;;
4;11;0;1;1802;ACC SHN MEDIUM ADULT 7+ 12KG;AP;MEIO;08/03/2026;22/03/2026;15/04/2026;;;;;;;;;;;;4;11;0;1;;
4;11;0;2;940;ACC SHN MAXI AGEING 8+ 15KG;AP;MEIO;20/01/2026;;;;;;;;;;;;;;4;11;0;2;;
4;11;0;3;66;ACC SBN BOXER AD 12KG;AP;MEIO;09/12/2025;;;;;;;;;;;;;;4;11;0;3;;
4;11;0;4;1720;ACC SBN BOXER PUPPY 10,1KG;AP;MEIO;;;;;;;;;;;;;;;4;11;0;4;;
4;11;2;1;1839;ACC SHN GIANT ADULT 12KG;AE;INTEIRO;19/03/2026;;;;4;11;2;1;;;;;;;;;;;;
4;11;2;2;1836;ACC SHN MEDIUM ADULT 12KG;AE;INTEIRO;06/03/2026;;;;4;11;2;2;;;;;;;;;;;;
4;12;0;1;75;ACC SPN MINI JR 20KG PRO;AP;MEIO;15/02/2026;;;;;;;;;;;;;;4;12;0;1;;
4;12;0;2;78;ACC SPN MEDIUM ADULT 20KG PRO;AP;MEIO;;;;;;;;;;;;;;;4;12;0;2;;
4;12;0;3;1008;ACC SPN MAXI STARTER 20KG PRO;AP;TER O;17/10/2025;;;;;;;;;;;;;;4;12;0;3;;
4;12;0;4;92;ACC SPN PASTOR ALEMAO JR 20KG PRO;AP;TER O;;;;;;;;;;;;;;;4;12;0;4;;
4;12;0;5;94;ACC SPN GOLDEN AD 20KG PRO;AP;MEIO;13/12/2025;15/03/2026;;;;;;;;;;;;;4;12;0;5;;
4;12;2;1;1702;ACC SPN MAXI ADULT 18KG PRO;AE;INTEIRO;25/02/2026;;;;4;12;2;1;;;;;;;;;;;;
4;12;2;2;1804;ACC SHN MAXI ADULT 12KG;AE;INTEIRO;13/04/2026;;;;4;12;2;2;;;;;;;;;;;24/06/2025;
4;13;0;1;896;ACC SHN MEDIUM AGEING 10+ 15KG;AP;MEIO;10/02/2026;;;;;;;;;;;;;;4;13;0;1;;
4;13;0;2;1839;ACC SHN GIANT ADULT 12KG;AP;MEIO;12/03/2026;;;;;;;;;;;;;;4;13;0;2;;
4;13;0;3;42;ACC SHN GIANT PUPPY 15KG;AP;MEIO;05/12/2025;16/01/2026;;;;;;;;;;;;;4;13;0;3;;
4;13;0;4;1841;ACC SHN GIANT JR 12KG;AP;MEIO;18/04/2026;;;;;;;;;4;3;1;2;;4;13;0;4;24/06/2025;
4;13;2;1;1839;ACC SHN GIANT ADULT 12KG;AE;INTEIRO;03/05/2026;;;;4;13;2;1;;;;;;;;;;;;
4;13;2;2;1836;ACC SHN MEDIUM ADULT 12KG;AE;INTEIRO;23/04/2026;;;;4;13;2;2;;;;;;;;;;;24/06/2025;
4;14;0;1;79;ACC SPN MAXI JR 20KG PRO;AP;MEIO;04/03/2026;22/03/2026;;;;;;;;;;;;;4;14;0;1;;
4;14;0;2;82;ACC SPN GIANT ADULT 20KG PRO;AP;MEIO;03/03/2026;;;;;;;;;;;;;;4;14;0;2;;
4;14;0;3;101;ACC SPN COMPETITION 20KG PRO;AP;TER O;03/03/2026;;;;;;;;;;;;;;4;14;0;3;;
4;14;0;4;1528;ACC SPN POMERANIAN ADULT 10,1KG PRO;AP;TER O;06/03/2026;;;;;;;;;;;;;;4;14;0;4;;
4;14;0;5;1381;ACC SPN HT42D SMALL 10,1KG PRO;AP;TER O;16/10/2025;;;;;;;;;;;;;;4;14;0;5;;
4;14;0;6;1009;ACC SPN GIANT STARTER 20KG PRO;AP;TER O;22/11/2025;;;;;;;;;;;;;;4;14;0;6;;
4;14;0;7;1151;ACC SPN BULLDOG FRAN JR 20KG PRO;AP;TER O;16/11/2025;;;;;;;;;;;;;;4;14;0;7;;
4;14;0;8;98;ACC SPN HT42D LARGE D 20KG PRO;AP;TER O;18/09/2025;27/02/2026;;;;;;;;;;;;;4;14;0;8;;
4;14;2;1;1836;ACC SHN MEDIUM ADULT 12KG;AE;INTEIRO;06/03/2026;;;;4;14;2;1;;;;;;;;;;;;
4;14;2;2;1804;ACC SHN MAXI ADULT 12KG;AE;INTEIRO;14/03/2026;;;;4;14;2;2;;;;;;;;;;;;
5;2;0;1;775;ACC FPN KITTEN 10,1KG (BIRTH&GROWTH) PRO;AP;MEIO;14/03/2026;;;;;;;;;;;;;;5;2;0;1;;
5;2;0;2;149;ACC FPN MOTHER E BABY CAT 10,1KG (BIRTH&;AP;MEIO;07/02/2026;16/05/2026;;;;;;;;;;;;;5;2;0;2;;
5;2;0;3;152;ACC FPN PERSIAN 15KG PRO;AP;MEIO;18/03/2026;;;;;;;;;;;;;;5;2;0;3;;
5;2;0;3;153;ACC FPN MAINE COON 15KG PRO;AP;MEIO;09/12/2025;19/03/2026;;;;;;;;;;;;;5;2;0;3;;
5;2;2;1;1715;ACC VDC G. I. LOW FAT SMALL DOG 1,5KG;AE;INTEIRO;25/10/2026;;;;5;2;2;1;;;;;;;;;;;;
5;2;2;2;1715;ACC VDC G. I. LOW FAT SMALL DOG 1,5KG;AE;INTEIRO;25/10/2026;;;;5;2;2;2;;;;;;;;;;;23/06/2025;
5;4;0;1;777;ACC FPN STERILISED 15KG PRO;AP;MEIO;05/03/2026;;;;;;;;;;;;;;5;4;0;1;;
5;4;0;2;1518;ACC FPN HAIR & SKIN 10,1KG PRO;AP;TER O;13/01/2026;24/02/2026;;;;;;;;;;;;;5;4;0;2;;
5;4;0;3;776;ACC FPN QUEEN 10,1KG (BIRTH&GROWTH) PRO;AP;TER O;21/11/2025;07/03/2026;;;;;;;;;;;;;5;4;0;3;;
5;4;0;4;1519;ACC FPN DIGESTIVE CARE 10,1KG PRO;AP;TER O;12/04/2026;;;;;;;;;;;;;;5;4;0;4;;
5;4;0;5;151;ACC FPN SENSIBLE 15KG PRO;AP;MEIO;02/03/2026;23/03/2026;;;;;;;;;;;;;5;4;0;5;;
5;4;0;6;150;ACC FPN FIT 15KG PRO;AP;MEIO;16/02/2026;13/03/2026;;;;;;;;;;;;;5;4;0;6;;
5;4;2;1;;;AE;INTEIRO;;;;;5;4;2;1;;;;;;;;;;;;
5;4;2;2;1715;ACC VDC G. I. LOW FAT SMALL DOG 1,5KG;AE;INTEIRO;18/11/2026;;;;5;4;2;2;;;;;;;;;;;23/06/2025;
5;6;0;1;1790;PTCO GATO TRULY CRE ATUM E BONITO 14GX5 70G;AP;TER O;12/01/2026;;;;;;;;;;;;;;5;6;0;1;;
5;6;0;2;1787;PTCO GATO TRULY CRE CAM. E BACALHAU 14GX5 70G;AP;TER O;12/01/2026;;;;;;;;;;;;;;5;6;0;2;;
5;6;0;3;1791;PTCO GATO TRULY CRE FRANGO E BIFE 14GX5 70G;AP;TER O;12/01/2026;;;;;;;;;;;;;;5;6;0;3;;
5;6;0;4;1789;PTCO GATO TRULY CRE SAL. E BACALHAU 14GX5 70G;AP;TER O;12/01/2026;;;;;;;;;;;;;;5;6;0;4;;
5;6;0;5;1788;PTCO GATO TRULY CRE SAL. E CRANBERRY 14GX5 70G;AP;TER O;12/01/2026;;;;;;;;;;;;;;5;6;0;5;;
5;6;0;6;1835;PTCO GATO TRULY CRE SABOR SORTIDO 14GX30 420G;AP;TER O;29/09/2026;26/11/2026;;;;;;;;;;;;;5;6;0;6;;
5;6;0;7;1796;PTCO GATO TRULY CRE FRANGO E BIFE 14GX30 420G;AP;TER O;12/01/2026;;;;;;;;;;;;;;5;6;0;7;;
5;6;0;8;1792;PTCO GATO TRULY CRE CAM. E BACALHAU 14GX30 420G;AP;TER O;12/01/2026;;;;;;;;;;;;;;5;6;0;8;;
5;6;0;9;1795;PTCO GATO TRULY CRE ATUM E BONITO 14GX30 420G;AP;TER O;12/01/2026;;;;;;;;;;;;;;5;6;0;9;;
5;6;0;10;1794;PTCO GATO TRULY CRE SAL. E BACALHAU 14GX30 420G;AP;TER O;12/01/2026;;;;;;;;;;;;;;5;6;0;10;;
5;6;0;11;1793;PTCO GATO TRULY CRE SAL. CRANBERRY 14GX30 420G;AP;TER O;12/01/2026;;;;;;;;;;;;;;5;6;0;11;;
5;6;0;12;1754;PTCO CAO TRULY DEL FRANGO E KIWI 90G;AP;TER O;23/12/2025;;;;;;;;;;;;;;5;6;0;12;;
5;6;0;13;1763;PTCO CAO TRULY DEL FILE DE FRANGO 90G;AP;TER O;23/12/2025;;;;;;;;;;;;;;5;6;0;13;;
5;6;0;14;1752;PTCO CAO TRULY DEL TWISTS DE FRANGO 90G;AP;TER O;12/01/2026;;;;;;;;;;;;;;5;6;0;14;;
5;6;0;15;1758;PTCO CAO TRULY DEL SUSHI SALMAO ATUM CAM. 90G;AP;TER O;12/01/2026;;;;;;;;;;;;;;5;6;0;15;;
5;6;0;16;1755;PTCO CAO TRULY DEL PLT DE FRANGO E CENOURA 90G;AP;TER O;23/12/2025;;;;;;;;;;;;;;5;6;0;16;;
5;6;1;1;;;;;;;;;5;6;1;1;;;;;;;;;;;;
5;6;1;2;;;;;;;;;5;6;1;2;;;;;;;;;;;;
5;6;2;1;1020;ACC VDC HYPOALLERGENIC SMALL 2KG;AE;INTEIRO;08/11/2026;;;;5;6;2;1;;;;;;;;;;;23/06/2025;
5;6;2;2;1702;ACC SPN MAXI ADULT 18KG PRO;AE;INTEIRO;05/03/2026;;;;5;6;2;2;;;;;;;;;;;;
5;8;0;1;1784;PTCO GATO TRULY ENL DE FRANGO E SALMAO 95G;AP;TER O;23/11/2025;;;;;;;;;;;;;;5;8;0;1;;
5;8;0;2;1785;PTCO GATO TRULY ENL DE FRANGO E ATUM 95G;AP;TER O;23/11/2025;;;;;;;;;;;;;;5;8;0;2;;
5;8;0;3;1786;PTCO GATO TRULY ENL FRANGO E CARANGUEIJO 95G;AP;TER O;23/11/2025;;;;;;;;;;;;;;5;8;0;3;;
5;8;0;4;1783;PTCO GATO TRULY FUN DENTAL SABOR PATO 50G;AP;TER O;23/12/2025;;;;;;;;;;;;;;5;8;0;4;;
5;8;0;5;1778;PTCO GATO TRULY DEL PLT DE PATO + TAURINA 50G;AP;TER O;21/11/2025;;;;;;;;;;;;;;5;8;0;5;;
5;8;0;6;1782;PTCO GATO TRULY FUN ANT BOLA DE PEL FRANGO 50G;AP;TER O;27/09/2026;;;;;;;;;;;;;;5;8;0;6;;
5;8;0;7;1781;PTCO GATO TRULY DEL M COR DE FRANGO E PEIXE 50G;AP;TER O;19/10/2025;23/12/2025;12/01/2026;;;;;;;;;;;;5;8;0;7;;
5;8;0;8;1780;PTCO GATO TRULY DEL M TIR DE FRANGO E PEIXE 50G;AP;TER O;20/10/2025;21/11/2025;;;;;;;;;;;;;5;8;0;8;;
5;8;0;9;1779;PTCO GATO TRULY DEL PLT DE ATUM + TAURINA 50G;AP;TER O;21/11/2025;;;;;;;;;;;;;;5;8;0;9;;
5;8;0;10;1757;PTCO CAO TRULY DEL TIRAS DE FRANGO E PEIXE 90G;AP;TER O;12/01/2026;;;;;;;;;;;;;;5;8;0;10;;
5;8;0;11;1767;PTCO CAO TRULY DEL TIRAS DE ATUM 90G;AP;TER O;23/12/2025;;;;;;;;;;;;;;5;8;0;11;;
5;8;0;12;1766;PTCO CAO TRULY DEL FRANGO E BANANA 90G;AP;TER O;12/01/2026;;;;;;;;;;;;;;5;8;0;12;;
5;8;0;13;1764;PTCO CAO TRULY DEL FRANGO NO PLT DE COURO 85G;AP;TER O;12/01/2026;;;;;;;;;;;;;;5;8;0;13;;
5;8;0;14;1750;PTCO CAO TRULY DEL FATIAS DE FRANGO 90G;AP;TER O;18/08/2026;;;;;;;;;;;;;;5;8;0;14;;
5;8;1;1;;;;;;;;;5;8;1;1;;;;;;;;;;;;
5;8;1;2;;;;;;;;;5;8;1;2;;;;;;;;;;;;
5;8;2;1;618;ACC VDC GASTRO INTESTINAL LOW FAT 1,5KG;AE;INTEIRO;31/10/2026;;;;5;8;2;1;;;;;;;;;;;23/06/2025;
5;8;2;2;1296;ACC VDC SATIETY SMALL DOG 1,5KG;AE;INTEIRO;29/10/2026;;;;5;8;2;2;;;;;;;;;;;23/06/2025;
5;10;0;1;1773;PTCO CAO TRULY TRA M PALITOS DE CORDEIRO 90G;AP;TER O;23/12/2025;;;;;;;;;;;;;;5;10;0;1;;
5;10;0;2;;;AP;TER O;;;;;;;;;;;;;;;5;10;0;2;;
5;10;0;3;1775;PTCO CAO TRULY FUN TIRAS SENIOR 100G;AP;TER O;23/12/2025;;;;;;;;;;;;;;5;10;0;3;;
5;10;0;4;1777;PTCO CAO TRULY FUN CORDAS DENTAIS 95G;AP;TER O;26/12/2025;;;;;;;;;;;;;;5;10;0;4;;
5;10;0;5;1774;PTCO CAO TRULY FUN TIR DE ESPINAFRE E AIPO 100G;AP;TER O;23/12/2025;;;;;;;;;;;;;;5;10;0;5;;
5;10;0;6;1776;PTCO CAO TRULY FUN ESC DE DENTE SABOR BIFE 90G;AP;TER O;17/01/2026;;;;;;;;;;;;;;5;10;0;6;;
5;10;0;7;1768;PTCO CAO TRULY DEL TIRAS DE CERVO 85G;AP;TER O;23/12/2025;;;;;;;;;;;;;;5;10;0;7;;
5;10;0;8;1756;PTCO CAO TRULY DEL FAT DE FRANGO E QUEIJO 90G;AP;TER O;12/01/2026;;;;;;;;;;;;;;5;10;0;8;;
5;10;0;9;1760;PTCO CAO TRULY DEL FATIAS DE PATO 90G;AP;TER O;12/01/2026;;;;;;;;;;;;;;5;10;0;9;;
5;10;0;10;1759;PTCO CAO TRULY DEL PLT PEIXE E BATATA DOCE 90G;AP;TER O;23/12/2025;;;;;;;;;;;;;;5;10;0;10;;
5;10;0;11;1753;PTCO CAO TRULY DEL CROISSANT DE FRANGO 90G;AP;TER O;23/12/2025;;;;;;;;;;;;;;5;10;0;11;;
5;10;1;1;;;;;;;;;5;10;1;1;;;;;;;;;;;;
5;10;1;2;;;;;;;;;5;10;1;2;;;;;;;;;;;;
5;10;2;1;1514;TAPETE HIGIENICO CARVAO BAMBU 80 X 58 C/30UN;AE ;INTEIRO;01/05/2027;;;;5;10;2;1;;;;;;;;;;;;
5;10;2;2;1707;ACC VDF GI HYDROL PROT 1,5KG;AE ;INTEIRO;06/11/2026;;;;5;10;2;2;;;;;;;;;;;24/06/2025;
5;12;0;1;1765;PTCO CAO TRULY DEL FRANGO NO PLT DE COURO 325G;AP;TER O;19/10/2025;;;;;;;;;;;;;;5;12;0;1;;
5;12;0;2;1748;PTCO CAO TRULY DEL TWISTS DE FRANGO 360G;AP;TER O;23/12/2025;;;;;;;;;;;;;;5;12;0;2;;
5;12;0;3;1747;PTCO CAO TRULY DEL FATIAS DE FRANGO 360G;AP;TER O;12/01/2026;;;;;;;;;;;;;;5;12;0;3;;
5;12;0;4;1749;PTCO CAO TRULY DEL FATIAS DE PATO 360G;AP;TER O;23/12/2025;;;;;;;;;;;;;;5;12;0;4;;
5;12;0;5;1761;PTCO CAO TRULY DEL SUSHI SALMAO ATUM CAM. 400G;AP;TER O;23/12/2025;;;;;;;;;;;;;;5;12;0;5;;
5;12;0;6;1762;PTCO CAO TRULY DEL FILE DE FRANGO 360G;AP;TER O;23/12/2025;;;;;;;;;;;;;;5;12;0;6;;
5;12;0;7;1772;PTCO CAO TRULY TRA M PALITOS DE PATO 90G;AP;TER O;23/12/2025;;;;;;;;;;;;;;5;12;0;7;;
5;12;0;8;1770;PTCO CAO TRULY TRA TIRAS DE FRANGO E PEIXE 90G;AP;TER O;23/12/2025;;;;;;;;;;;;;;5;12;0;8;;
5;12;0;9;1771;PTCO CAO TRULY TRA M COR DE FRANGO E PEIXE 90G;AP;TER O;12/01/2026;;;;;;;;;;;;;;5;12;0;9;;
5;12;0;10;1769;PTCO CAO TRULY TRA ISCAS DE FRANGO 85G;AP;TER O;12/01/2026;;;;;;;;;;;;;;5;12;0;10;;
5;12;0;11;1714;OSSYTO NATURAL COM FRUTAS 50GR;AP;TER O;30/01/2026;;;;;;;;;;;;;;5;12;0;11;;
5;12;0;12;1712;OSSYTO LIGHT TIRAS 50G;AP;TER O;14/06/2025;;;;;;;;;;;;;;5;12;0;12;;
5;12;0;13;1713;OSSYTO FRANGO TIRAS 50G;AP;TER O;29/01/2026;;;;;;;;;;;;;;5;12;0;13;;
5;12;0;14;1711;OSSYTO CHURRASCO 50GR;AP;TER O;;;;;;;;;;;;;;;5;12;0;14;;
5;12;0;15;1181;OSSYTO NATURAL COM FRUTAS 300GR;AP;TER O;23/01/2026;;;;;;;;;;;;;;5;12;0;15;;
5;12;0;16;1218;OSSYTO LIGHT TIRAS 300G;AP;TER O;29/01/2026;;;;;;;;;;;;;;5;12;0;16;;
5;12;0;17;1177;OSSYTO FRANGO TIRAS 500G;AP;TER O;29/01/2026;;;;;;;;;;;;;;5;12;0;17;;
5;12;0;18;1174;OSSYTO CHURRASCO 500GR;AP;TER O;29/01/2026;;;;;;;;;;;;;;5;12;0;18;;
5;12;0;19;1751;PTCO CAO TRULY DEL HALT DE FRANGO C/ COURO 90G;AP;TER O;21/01/2026;;;;;;;;;;;;;;5;12;0;19;;
5;12;2;1;765;ACC SPN X-SMALL JR 20KG PRO;AE;INTEIRO;27/04/2026;;;;5;12;2;1;;;;;;;;;;;;
5;12;2;2;1514;TAPETE HIGIENICO CARVAO BAMBU 80 X 58 C/30UN;AE ;INTEIRO;01/05/2027;;;;5;12;2;2;;;;;;;;;;;;
5;14;0;1;1263;ZOOCROCK INTEGRAL 500GR;AP;TER O;08/10/2025;01/01/2026;;;;;;;;;;;;;5;14;0;1;;
5;14;0;2;1262;ZOOCROCK TRADICIONAL 500GR;AP;TER O;27/12/2025;;;;;;;;;;;;;;5;14;0;2;;
5;14;0;3;1260;ZOOCROCK FILHOTES 250GR;AP;TER O;;;;;;;;;;;;;;;5;14;0;3;;
5;14;0;4;1656;OSSYTO GOURMET COXINHA 60GR;AP;TER O;13/06/2025;;;;;;;;;;;;;;5;14;0;4;;
5;14;0;5;1658;OSSYTO GOURMET CHURROS 60GR;AP;TER O;11/06/2025;;;;;;;;;;;;;;5;14;0;5;;
5;14;0;6;1659;OSSYTO GOURMET ALMONDEGAS 60GR;AP;TER O;08/07/2025;;;;;;;;;;;;;;5;14;0;6;;
5;14;2;1;1358;ACC SHN MINI INDOOR ADULT 2,5KG;AE;INTEIRO;21/10/2026;;;;5;14;2;1;;;;;;;;;;;23/06/2025;
6;1;0;1;1514;TAPETE HIGIENICO CARVAO BAMBU 80 X 58 C/;AP;MEIO;01/05/2027;;;;;;;;;;;;;;6;1;0;1;;
6;1;0;2;1259;GRANULADO MICRO SILICA 1,6KG;AP;TER O;S/ VALIDADE;;;;;;;;;;;;;;6;1;0;2;;
6;1;0;3;1258;GRANULADO SILICA REAL 1,6KG;AP;TER O;S/ VALIDADE;;;;;;;;;;;;;;6;1;0;3;;
6;1;0;4;1627;TAPETE HIG PUPS 55 X 60 C/07UN (LAN AMENTO 2021);AP;TER O;;;;;;;;;;;;;;;6;1;0;4;;
6;1;0;5;1625;TAPETE HIG PUPS 80 X 60 C/07UN (LAN AMENTO 2021);AP;TER O;31/10/2026;;;;;;;;;;;;;;6;1;0;5;;
6;1;0;6;1626;TAPETE HIG PUPS 55 X 60 C/30UN;AP;MEIO;;;;;;;;;;;;;;;6;1;0;6;;
6;1;2;1;1514;TAPETE HIGIENICO CARVAO BAMBU 80 X 58 C/;AE;INTEIRO;01/05/2027;;;;6;1;2;1;;;;;;;;;;;;
6;1;2;2;1514;TAPETE HIGIENICO CARVAO BAMBU 80 X 58 C/;AE;INTEIRO;01/05/2027;;;;6;1;2;2;;;;;;;;;;;;
6;2;0;1;1432;PRE SHAMPOO ANTIRRES DUOS 5L PETPASSION;AP;TER O;01/04/2026;01/05/2026;01/10/2026;01/04/2027;;;;;;;;;;;6;2;0;1;11/06/2025;
6;2;0;2;1015;SHAMPOO PETPASSION BLANC 5 L;AP;TER O;01/05/2026;01/07/2026;01/09/2026;01/01/2027;;;;;;;;;;;6;2;0;2;11/06/2025;
6;2;0;3;1014;SHAMPOO PETPASSION NEUTRO 5 L;AP;MEIO;01/09/2026;01/10/2026;01/12/2026;01/02/2027;;;;;;;;;;;6;2;0;3;11/06/2025;
6;2;0;4;1394;LEAVIT V 120ML PETPASSSION;AP;TER O;01/05/2026;;;;;;;;;;;;;;6;2;0;4;;
6;2;0;5;1369;CEZAR 500ML;AP;TER O;01/12/2026;;;;;;;;;;;;;;6;2;0;5;;
6;2;0;6;1368;BEBE 500ML;AP;TER O;01/07/2027;;;;;;;;;;;;;;6;2;0;6;;
6;2;0;7;1370;LISE 500ML;AP;TER O;;;;;;;;;;;;;;;6;2;0;7;;
6;2;0;8;1521;SOPHIE 60ML (LAN AMENTO);AP;TER O;01/11/2026;;;;;;;;;;;;;;6;2;0;8;;
6;2;0;9;1564;SAPHIR EAU 60ML (LAN AMENTO 2021);AP;TER O;01/09/2027;;;;;;;;;;;;;;6;2;0;9;;
6;2;0;10;1563;DIAMANT EAU 60ML (LAN AMENTO 2021);AP;TER O;01/02/2027;;;;;;;;;;;;;;6;2;0;10;11/06/2025;
6;2;0;11;1515;BEBE 60ML (LAN AMENTO);AP;TER O;01/07/2027;;;;;;;;;;;;;;6;2;0;11;11/06/2025;
6;2;0;12;1517;DESIR 60ML (LAN AMENTO);AP;TER O;01/07/2026;;;;;;;;;;;;;;6;2;0;12;;
6;2;0;13;1524;CEZAR 60ML (LAN AMENTO);AP;TER O;01/04/2028;;;;;;;;;;;;;;6;2;0;13;11/06/2025;
6;2;0;14;1516;ANGE 60ML (LAN AMENTO);AP;TER O;01/04/2027;;;;;;;;;;;;;;6;2;0;14;11/06/2025;
6;2;0;15;1523;AIME 60ML (LAN AMENTO);AP;TER O;01/09/2027;;;;;;;;;;;;;;6;2;0;15;11/06/2025;
6;2;0;16;1522;LISE 60ML (LAN AMENTO);AP;TER O;01/07/2027;;;;;;;;;;;;;;6;2;0;16;11/06/2025;
6;2;2;1;1259;GRANULADO MICRO SILICA 1,6KG;AE;INTEIRO;S/ VALIDADE;;;;6;2;2;1;;;;;;;;;;;;
6;2;2;2;1259;GRANULADO MICRO SILICA 1,6KG;AE;INTEIRO;S/ VALIDADE;;;;6;2;2;2;;;;;;;;;;;;
6;3;0;1;1728;AREIA HIGIENICA CAT FREE GRAOS MEDIOS 4KG;AP;MEIO;17/09/2027;;;;;;;;;;;;;;6;3;0;1;;
6;3;0;2;1703;AREIA HIGIENICA CAT FREE GRAOS FINOS 4KG;AP;MEIO;24/04/2028;;;;;;;;;;;;;;6;3;0;2;;
6;3;0;3;1624;TAPETE HIG PUPS 80 X 60 C/30UN (LAN AMENTO 2021);AP;MEIO;02/05/2027;;;;;;;;;;;;;;6;3;0;3;;
6;3;0;4;1723;TAPETE HIGIENICO SANITHY SLIM 70 X 60 C/30UN;AP;MEIO;09/08/2027;;;;;;;;;;;;;;6;3;0;4;;
6;3;2;1;1514;TAPETE HIGIENICO CARVAO BAMBU 80 X 58 C/;AE;INTEIRO;01/05/2027;;;;6;3;2;1;;;;;;;;;;;;
6;3;2;2;1514;TAPETE HIGIENICO CARVAO BAMBU 80 X 58 C/;AE;INTEIRO;01/05/2027;;;;6;3;2;2;;;;;;;;;;;;
6;4;0;1;1013;SHAMPOO PETPASSION BLANC 1,5L (CONCENTRA;AP;TER O;01/04/2026;01/08/2026;;;;;;;;;;;;;6;4;0;1;;
6;4;0;2;1012;SHAMPOO PETPASSION NEUTRO 1,5L (CONCENTR;AP;TER O;01/06/2026;01/07/2026;01/10/2026;;;;;;;;;;;;6;4;0;2;;
6;4;0;3;1433;PRE SHAMPOO ANTIRRES DUOS 1,5L PETPASSIO;AP;TER O;01/04/2026;01/08/2026;;;;;;;;;;;;;6;4;0;3;;
6;4;0;4;1573;SHAMPOO ODORBLOCK 5L PETPASSION (LAN AME;AP;TER O;01/07/2026;01/09/2026;01/12/2026;01/01/2027;;;;;;;;;;;6;4;0;4;11/06/2025;
6;4;0;5;1016;CONDICIONADOR PETPASSION UNIVERSAL 5 L;AP;TER O;01/04/2026;01/07/2026;01/09/2026;01/12/2026;;;;;;;;;;;6;4;0;5;11/06/2025;
6;4;0;6;1017;CONDICIONADOR PETPASSION BLANC 5 L;AP;TER O;01/10/2025;01/04/2026;;;;;;;;;;;;;6;4;0;6;11/06/2025;
6;4;0;7;1434;SHAMPOO BEBE 5L PETPASSION;AP;TER O;01/08/2026;01/01/2027;01/02/2027;;;;;;;;;;;;6;4;0;7;;
6;4;0;8;1436;MASCARA TERRACOTA 500G PETPASSION;AP;TER O;01/10/2026;;;;;;;;;;;;;;6;4;0;8;;
6;4;0;9;1435;MASCARA ROXA 500G PETPASSION;AP;TER O;01/04/2026;;;;;;;;;;;;;;6;4;0;9;;
6;4;0;10;1431;CONDICIONADOR BEBE 500ML PETPASSION;AP;TER O;01/01/2027;01/03/2027;;;;;;;;;;;;;6;4;0;10;11/06/2025;
6;4;0;11;1430;SHAMPOO BEBE PETPASSION 500ML;AP;TER O;01/01/2027;;;;;;;;;;;;;;6;4;0;11;11/06/2025;
6;4;0;12;1566;SAPHIR EAU 500ML (LAN AMENTO 2021);AP;TER O;;;;;;;;;;;;;;;6;4;0;12;;
6;4;0;13;1565;DIAMANT EAU 500ML (LAN AMENTO 2021);AP;TER O;;;;;;;;;;;;;;;6;4;0;13;;
6;4;0;14;1371;AIMEE 500ML;AP;TER O;01/08/2026;;;;;;;;;;;;;;6;4;0;14;;
6;4;2;1;1259;GRANULADO MICRO SILICA 1,6KG;AE;INTEIRO;S/ VALIDADE;;;;6;4;2;1;;;;;;;;;;;;
6;4;2;2;1259;GRANULADO MICRO SILICA 1,6KG;AE;INTEIRO;S/ VALIDADE;;;;6;4;2;2;;;;;;;;;;;;
6;5;0;1;1833;PTCO GATO WANPY SOPA SALMAO E ATUM 50G;AP;TER O;31/10/2026;;;;;;;;;;;;;;6;5;0;1;;
6;5;0;2;1830;PTCO GATO WANPY SOPA FRANGO 50G;AP;TER O;31/10/2026;;;;;;;;;;;;;;6;5;0;2;;
6;5;0;3;1831;PTCO GATO WANPY SOPA ATUM 50G;AP;TER O;31/10/2026;;;;;;;;;;;;;;6;5;0;3;;
6;5;0;4;1829;PTCO GATO WANPY SOPA FRANGO C/ ABOB E CEN 50G;AP;TER O;31/10/2026;;;;;;;;;;;;;;6;5;0;4;;
6;5;0;5;1834;PTCO GATO WANPY SOPA PATO 50G;AP;TER O;31/10/2026;;;;;;;;;;;;;;6;5;0;5;;
6;5;0;6;1832;PTCO GATO WANPY SOPA ATUM E CAMARAO 50G;AP;TER O;31/10/2026;;;;;;;;;;;;;;6;5;0;6;;
6;5;0;7;1824;PTCO GATO WANPY SACHE DE FRANGO E BAC 85G;AP;TER O;31/10/2026;;;;;;;;;;;;;;6;5;0;7;;
6;5;0;8;1823;PTCO GATO WANPY SACHE DE FRANGO E CAM 85G;AP;TER O;31/10/2026;;;;;;;;;;;;;;6;5;0;8;;
6;5;0;9;1854;PTCO GATO WANPY CRE ATUM E SALMAO 14GX50 700G;AP;TER O;15/12/2026;;;;;;;;;;;;;;6;5;0;9;;
6;5;0;10;1855;PTCO GATO WANPY CRE SORTIDO 14GX50 700G;AP;TER O;21/12/2026;;;;;;;;;;;;;;6;5;0;10;;
6;5;0;11;1853;PTCO GATO WANPY CRE FRANGO 14GX50 700G;AP;TER O;21/12/2026;;;;;;;;;;;;;;6;5;0;11;;
6;5;0;12;1851;PTCO GATO WANPY CRE ATUM E VIEIRA 14GX25 350G;AP;TER O;15/12/2026;;;;;;;;;;;;;;6;5;0;12;;
6;5;0;13;1852;PTCO GATO WANPY CRE SORTIDO 14GX25 350G;AP;TER O;21/12/2026;;;;;;;;;;;;;;6;5;0;13;;
6;5;0;14;1850;PTCO GATO WANPY CRE ATUM E CAMARAO 14GX25 350G;AP;TER O;21/12/2026;;;;;;;;;;;;;;6;5;0;14;;
6;5;2;1;;;AE;INTEIRO;;;;;6;5;2;1;;;;;;;;;;;;
6;5;2;2;1514;TAPETE HIGIENICO CARVAO BAMBU 80 X 58 C/;AE;INTEIRO;01/05/2027;;;;6;5;2;2;;;;;;;;;;;;
6;6;0;1;372;ANGE 1 LITRO;AP;TER O;01/08/2026;01/04/2027;;;;;;;;;;;;;6;6;0;1;;
6;6;0;2;394;CEZAR 1 LITRO;AP;TER O;01/12/2026;01/07/2027;;;;;;;;;;;;;6;6;0;2;;
6;6;0;3;1567;DIAMANT EAU 1000L (LAN AMENTO 2021);AP;TER O;01/02/2027;;;;;;;;;;;;;;6;6;0;3;;
6;6;0;4;393;BEBE 1 LITRO;AP;MEIO;01/03/2027;01/07/2027;01/12/2027;;;;;;;;;;;;6;6;0;4;11/06/2025;
6;6;0;5;1395;LEAVIT V 450ML PETPASSION;AP;TER O;01/11/2026;01/01/2027;;;;;;;;;;;;;6;6;0;5;;
6;6;0;6;1147;AIMEE 1 LITRO;AP;TER O;01/08/2026;;;;;;;;;;;;;;6;6;0;6;;
6;6;0;7;245;DESIR 1 LITRO;AP;TER O;01/11/2026;01/05/2027;;;;;;;;;;;;;6;6;0;7;;
6;6;0;8;251;LISE 1 LITRO;AP;TER O;01/10/2026;;;;;;;;;;;;;;6;6;0;8;;
6;6;0;9;1568;SAPHIR EAU 1000L (LAN AMENTO 2021);AP;TER O;01/07/2026;;;;;;;;;;;;;;6;6;0;9;;
6;6;0;10;249;SOPHIE 1 LITRO;AP;TER O;01/07/2027;;;;;;;;;;;;;;6;6;0;10;;
6;6;2;1;1258;GRANULADO SILICA REAL 1,6KG;AE;INTEIRO;S/ VALIDADE;;;;6;6;2;1;;;;;;;;;;;;
6;6;2;2;1258;GRANULADO SILICA REAL 1,6KG;AE;INTEIRO;S/ VALIDADE;;;;6;6;2;2;;;;;;;;;;;;
6;7;0;1;1816;PTCO GATO WANPY F DRIED BACALHAU 20G;AP;TER O;01/11/2026;;;;;;;;;;;;;;6;7;0;;;
6;7;0;2;1822;PTCO GATO WANPY SACHE DE FRANGO E VIEIRA 85G;AP;TER O;31/10/2026;;;;;;;;;;;;;;6;7;0;;;
6;7;0;3;1821;PTCO CAO WANPY SACHE DE FRANGO E PATO 100G;AP;TER O;31/10/2026;;;;;;;;;;;;;;6;7;0;;;
6;7;0;4;1818;PTCO CAO WANPY SACHE DE FRANGO 100G;AP;TER O;31/10/2026;;;;;;;;;;;;;;6;7;0;;;
6;7;0;5;1820;PTCO CAO WANPY SACHE DE FRANGO E FIG DE FGO 100G;AP;TER O;31/10/2026;;;;;;;;;;;;;;6;7;0;;;
6;7;0;6;1819;PTCO CAO WANPY SACHE DE FRANGO E VEG 100G;AP;TER O;31/10/2026;;;;;;;;;;;;;;6;7;0;;;
6;7;0;7;1827;PTCO CAO WANPY CREAMY PATO 70G;AP;TER O;07/11/2026;;;;;;;;;;;;;;6;7;0;;;
6;7;0;8;1825;PTCO CAO WANPY CREAMY FRANGO 70G;AP;TER O;07/11/2026;;;;;;;;;;;;;;6;7;0;;;
6;7;0;9;1210;CAIXA TRANSP DOG TROTTER 2 LIM/BRA;AP;TER O;S/ VALIDADE;;;;;;;;;;;;;;6;7;0;;;
6;7;0;10;1209;CAIXA TRANSP DOG TROTTER 2 AZU/CIN;AP;TER O;S/ VALIDADE;;;;;;;;;;;;;;6;7;0;;;
6;7;0;11;1197;BANDEJA ISIS 50CM LIM/BRA GATO;AP;TER O;S/ VALIDADE;;;;;;;;;;;;;;6;7;0;;;
6;7;0;12;1211;CAIXA TRANSP DOG TROTTER 2 CINZA;AP;TER O;S/ VALIDADE;;;;;;;;;;;;;;6;7;0;;;
6;7;0;13;1214;CAIXA TRANSP DOG TROTTER 3 CINZA;AP;TER O;S/ VALIDADE;;;;;;;;;;;;;;6;7;0;;;
6;7;0;14;1196;BANDEJA ISIS 50CM CIN/BRA GATO;AP;TER O;S/ VALIDADE;;;;;;;;;;;;;;6;7;0;;;
6;7;0;15;1213;CAIXA TRANSP DOG TROTTER 3 LIM/BRA;AP;TER O;S/ VALIDADE;;;;;;;;;;;;;;6;7;0;;;
6;7;0;16;1212;CAIXA TRANSP DOG TROTTER 3 AZU/CIN;AP;TER O;S/ VALIDADE;;;;;;;;;;;;;;6;7;0;;;
6;7;2;1;1514;TAPETE HIGIENICO CARVAO BAMBU 80 X 58 C/;AE;INTEIRO;01/05/2027;;;;6;7;2;1;;;;;;;;;;;;
6;7;2;2;1514;TAPETE HIGIENICO CARVAO BAMBU 80 X 58 C/;AE;INTEIRO;01/05/2027;;;;6;7;2;2;;;;;;;;;;;;
6;8;0;1;1255;SHAMPOO BRANQUEADOR 10L;AP;TER O;01/11/2025;;;;;;;;;;;;;;6;8;0;1;;
6;8;0;2;1079;SHAMPOO ARGAN 10L;AP;TER O;01/07/2026;01/02/2027;;;;;;;;;;;;;6;8;0;2;;
6;8;0;3;1083;SHAMPOO NEUTRO VINHO 10L;AP;TER O;;;;;;;;;;;;;;;6;8;0;3;;
6;8;0;4;1256;SHAMPOO NEUTRO 10L;AP;TER O;01/03/2026;01/01/2027;;;;;;;;;;;;;6;8;0;4;;
6;8;0;5;1678;SHAMPOO BRANQUEADOR VINHO 10L;AP;TER O;01/01/2027;;;;;;;;;;;;;;6;8;0;5;;
6;8;0;6;1405;CONDICIONADOR SEM ENXAGUE ARGAN 10L;AP;TER O;01/07/2026;;;;;;;;;;;;;;6;8;0;6;;
6;8;0;7;1085;CONDICIONADOR SEM ENXAGUE 10L;AP;TER O;;;;;;;;;;;;;;;6;8;0;7;;
6;8;0;8;1088;CONDICIONADOR SEM ENXAGUE VINHO 10L;AP;TER O;;;;;;;;;;;;;;;6;8;0;8;;
6;8;0;9;1257;SHAMPOO PRE LAVAGEM 10L;AP;TER O;;;;;;;;;;;;;;;6;8;0;9;;
6;8;0;10;1266;EAU DE PARFUM MANGO 400ML;AP;TER O;;;;;;;;;;;;;;;6;8;0;10;;
6;8;0;11;1152;EAU DE PARFUM VINHO 400ML;AP;TER O;01/10/2025;;;;;;;;;;;;;;6;8;0;11;;
6;8;0;12;834;EAU DE PARFUM ENFANT 400ML;AP;TER O;01/11/2025;;;;;;;;;;;;;;6;8;0;12;;
6;8;0;13;1616;EAU DE PARFUM - VINHO 80ML;AP;TER O;01/11/2027;;;;;;;;;;;;;;6;8;0;13;;
6;8;0;14;1611;EAU DE PARFUM - MA A VERDE 80ML;AP;TER O;;;;;;;;;;;;;;;6;8;0;14;;
6;8;0;15;1608;EAU DE PARFUM - ROMANTIQUE 80ML;AP;TER O;;;;;;;;;;;;;;;6;8;0;15;;
6;8;0;16;1609;EAU DE PARFUM - FRAICHE 80ML;AP;TER O;;;;;;;;;;;;;;;6;8;0;16;;
6;8;0;17;1607;EAU DE PARFUM - CLASSIQUE 80ML;AP;TER O;;;;;;;;;;;;;;;6;8;0;17;;
6;8;0;18;1613;EAU DE PARFUM - LUTHER 80ML;AP;TER O;;;;;;;;;;;;;;;6;8;0;18;;
6;8;0;19;1612;EAU DE PARFUM - MANGO 80ML;AP;TER O;01/06/2026;;;;;;;;;;;;;;6;8;0;19;;
6;8;0;20;1610;EAU DE PARFUM - ENFANT 80ML;AP;TER O;01/03/2027;;;;;;;;;;;;;;6;8;0;20;;
6;8;0;21;1615;EAU DE PARFUM - PERCH CREAM 80ML;AP;TER O;;;;;;;;;;;;;;;6;8;0;21;;
6;8;0;22;1614;EAU DE PARFUM - CEREJA E AVELA 80ML;AP;TER O;;;;;;;;;;;;;;;6;8;0;22;;
6;8;2;1;;;AE;INTEIRO;;;;;6;8;2;1;;;;;;;;;;;;
6;8;2;2;;;AE;INTEIRO;;;;;6;8;2;2;;;;;;;;;;;;
6;9;0;1;1826;PTCO CAO WANPY CREAMY FRANGO E QUEIJO 70G;AP;TER O;07/11/2026;;;;;;;;;;;;;;6;9;0;1;;
6;9;0;2;1828;PTCO CAO WANPY CREAMY SALMAO E FRANGO 70G;AP;TER O;31/10/2026;;;;;;;;;;;;;;6;9;0;2;;
6;9;0;3;1811;PTCO CAO WANPY F DRIED FRANGO E VEG 40G;AP;TER O;01/11/2026;;;;;;;;;;;;;;6;9;0;3;;
6;9;0;4;1810;PTCO CAO WANPY F DRIED FIG DE FRANGO 40G;AP;TER O;01/11/2026;;;;;;;;;;;;;;6;9;0;4;;
6;9;0;5;1812;PTCO CAO WANPY F DRIED FRANGO E FRUTAS 40G;AP;TER O;01/11/2026;;;;;;;;;;;;;;6;9;0;5;;
6;9;0;6;1815;PTCO CAO WANPY F DRIED FIG BOVINO 40G;AP;TER O;01/11/2026;;;;;;;;;;;;;;6;9;0;6;;
6;9;0;7;1813;PTCO CAO WANPY F DRIED PEITO DE FRANGO 40G;AP;TER O;01/11/2026;;;;;;;;;;;;;;6;9;0;7;;
6;9;0;8;1814;PTCO CAO WANPY F DRIED PEITO DE PATO 40G;AP;TER O;01/11/2026;;;;;;;;;;;;;;6;9;0;8;;
6;9;0;9;1207;CAIXA TRANSP DOG TROTTER 1 LIM/BRA;AP;TER O;S/ VALIDADE;;;;;;;;;;;;;;6;9;0;9;;
6;9;0;10;1208;CAIXA TRANSP. DOG TROTTER 1 CINZA;AP;TER O;S/ VALIDADE;;;;;;;;;;;;;;6;9;0;10;;
6;9;0;11;1206;CAIXA TRANSP DOG TROTTER 1 AZU/CIN;AP;TER O;S/ VALIDADE;;;;;;;;;;;;;;6;9;0;11;;
6;9;0;12;1193;BANDEJA FIGARO CINZA/BRANCO GATO;AP;TER O;S/ VALIDADE;;;;;;;;;;;;;;6;9;0;12;;
6;9;2;1;1514;TAPETE HIGIENICO CARVAO BAMBU 80 X 58 C/;AE;INTEIRO;01/05/2027;;;;6;9;2;1;;;;;;;;;;;;
6;9;2;2;;;AE;INTEIRO;;;;;6;9;2;2;;;;;;;;;;;;
6;10;0;1;1598;SHAMPOO PELOS LONGOS 5L;AP;TER O;01/03/2026;;;;;;;;;;;;;;6;10;0;1;;
6;10;0;2;1679;SHAMPOO BRANQUEADOR VINHO 5L;AP;TER O;;;;;;;;;;;;;;;6;10;0;2;;
6;10;0;3;1675;SHAMPOO NEUTRO CEREJA E AVELA 5L;AP;TER O;;;;;;;;;;;;;;;6;10;0;3;;
6;10;0;4;1082;SHAMPOO NEUTRO VINHO 5L;AP;TER O;01/02/2026;01/03/2026;;;;;;;;;;;;;6;10;0;4;;
6;10;0;5;1081;SHAMPOO ARGAN 5L;AP;TER O;01/06/2026;;;;;;;;;;;;;;6;10;0;5;;
6;10;0;6;1090;CONDICIONADOR SEM ENXAGUE VINHO 5L;AP;TER O;01/03/2026;;;;;;;;;;;;;;6;10;0;6;;
6;10;0;7;847;CONDICIONADOR SEM ENXAGUE 5L;AP;TER O;;;;;;;;;;;;;;;6;10;0;7;;
6;10;0;8;1279;CONDICIONADOR SEM ENX. MA A VERDE 5L;AP;TER O;;;;;;;;;;;;;;;6;10;0;8;;
6;10;0;9;1278;CONDICIONADOR SEM ENXAGUE ALOE VERA 5L;AP;TER O;;;;;;;;;;;;;;;6;10;0;9;;
6;10;0;10;1087;CONDICIONADOR SEM ENXAGUE ARGAN 5L;AP;TER O;01/07/2026;;;;;;;;;;;;;;6;10;0;10;;
6;10;0;11;1664;HIDRAPETHY 50G;AP;TER O;;;;;;;;;;;;;;;6;10;0;11;;
6;10;0;12;1666;CICATRIPETHY CREME 50G;AP;TER O;;;;;;;;;;;;;;;6;10;0;12;;
6;10;0;13;1663;OTOPETHY 30ML;AP;TER O;;;;;;;;;;;;;;;6;10;0;13;;
6;10;0;14;1665;CICATRIPETHY SPRAY 60ML;AP;TER O;;;;;;;;;;;;;;;6;10;0;14;;
6;10;0;15;1802;TALCO PRO AH A  O HIGIENICA 15G;AP;TER O;01/02/2027;;;;;;;;;;;;;;6;10;0;15;;
6;10;0;16;1460;SPRAY TEXTURIZADOR PP 200ML;AP;TER O;;;;;;;;;;;;;;;6;10;0;16;;
6;10;0;17;854;SOLU AO OTOLOGICA 110ML;AP;TER O;;;;;;;;;;;;;;;6;10;0;17;;
6;10;0;18;855;SOLU AO OTOLOGICA 500ML;AP;TER O;01/10/2025;;;;;;;;;;;;;;6;10;0;18;;
6;10;0;19;1091;MASCARA HIDRATA  O ARGAN 500ML;AP;TER O;01/03/2026;;;;;;;;;;;;;;6;10;0;19;;
6;10;0;20;848;LEAVE IN DESEMBARACADOR 400ML;AP;TER O;;;;;;;;;;;;;;;6;10;0;20;;
6;10;0;21;1100;SOLU  O LIMPA LAGRIMAS 65ML;AP;TER O;01/10/2025;;;;;;;;;;;;;;6;10;0;21;;
6;10;2;1;;;AE;INTEIRO;;;;;6;10;2;1;;;;;;;;;;;;
6;10;2;2;1258;GRANULADO SILICA REAL 1,6KG;AE;INTEIRO;S/ VALIDADE;;;;6;10;2;2;;;;;;;;;;;;
6;11;0;1;1808;PTCO CAO WANPY COOKIE FRANGO E MACA 230G;AP;TER O;07/11/2026;;;;;;;;;;;;;;6;11;0;1;;
6;11;0;2;1806;PTCO CAO WANPY COOKIE FRANGO E MACA 500G;AP;TER O;07/11/2026;;;;;;;;;;;;;;6;11;0;2;;
6;11;0;3;1809;PTCO CAO WANPY MINI BISC LEITE E QUEIJO 120G;AP;TER O;07/11/2026;;;;;;;;;;;;;;6;11;0;3;;
6;11;0;4;1807;PTCO CAO WANPY MINI BISC LEITE E QUEIJO 250G;AP;TER O;07/11/2026;;;;;;;;;;;;;;6;11;0;4;;
6;11;0;5;1817;PTCO CAO WANPY FAT DE BATATA DOCE 100G;AP;TER O;07/11/2026;;;;;;;;;;;;;;6;11;0;5;;
6;11;0;6;1849;PTCO GATO WANPY CRE ATUM E VIEIRA 14GX5 70G;AP;TER O;15/12/2026;;;;;;;;;;;;;;6;11;0;6;;
6;11;0;7;1843;PTCO GATO WANPY CRE ATUM E CARANQUEIJO 14GX5 70G;AP;TER O;14/12/2026;;;;;;;;;;;;;;6;11;0;7;;
6;11;0;8;1848;PTCO GATO WANPY CRE ATUM E CAMARAO 14GX5 70G;AP;TER O;21/12/2026;;;;;;;;;;;;;;6;11;0;8;;
6;11;0;9;;;AP;TER O;;;;;;;;;;;;;;;6;11;0;9;;
6;11;2;1;1258;GRANULADO SILICA REAL 1,6KG;AE;INTEIRO;S/ VALIDADE;;;;6;11;2;1;;;;;;;;;;;;
6;11;2;2;;;AE;INTEIRO;;;;;6;11;2;2;;;;;;;;;;;;
6;12;0;1;1441;KIT ADESTRA PET PLUS 430ML;AP;TER O;;;;;;;;;;;;;;;6;12;0;1;;
6;12;0;2;1268;EAU DE PARFUM MA A VERDE 500ML;AP;TER O;30/09/2025;;;;;;;;;;;;;;6;12;0;2;;
6;12;0;3;857;SHAMPOO PRE LAVAGEM 5L;AP;TER O;01/01/2027;;;;;;;;;;;;;;6;12;0;3;;
6;12;0;4;844;SHAMPOO PELOS ESCUROS 5L;AP;TER O;01/01/2026;01/03/2026;;;;;;;;;;;;;6;12;0;4;;
6;12;0;5;1275;SHAMPOO MA A VERDE 5L;AP;TER O;01/07/2026;;;;;;;;;;;;;;6;12;0;5;;
6;12;0;6;1274;SHAMPOO ALOE VERA 5L;AP;TER O;01/03/2026;;;;;;;;;;;;;;6;12;0;6;;
6;12;0;7;840;SHAMPOO NEUTRO 5L;AP;TER O;01/01/2026;01/06/2026;;;;;;;;;;;;;6;12;0;7;;
6;12;0;8;838;SHAMPOO BRANQUEADOR 5L;AP;TER O;;;;;;;;;;;;;;;6;12;0;8;;
6;12;0;9;944;FLORAL BACH ANSIEDADE 30ML;AP;TER O;01/10/2026;;;;;;;;;;;;;;6;12;0;9;11/06/2025;
6;12;0;10;950;FLORAL BACH MEDO E TRAUMA 30ML;AP;TER O;01/11/2025;01/03/2026;;;;;;;;;;;;;6;12;0;10;;
6;12;0;11;946;FLORAL BACH CARENCIA E SOLIDAO 30ML;AP;TER O;01/09/2026;;;;;;;;;;;;;;6;12;0;11;11/06/2025;
6;12;0;12;942;FLORAL BACH OCASIOES DE EMERGENCIA 30ML;AP;TER O;01/09/2026;;;;;;;;;;;;;;6;12;0;12;11/06/2025;
6;12;0;13;945;FLORAL BACH AVERSAO BANHO 30ML;AP;TER O;01/09/2026;;;;;;;;;;;;;;6;12;0;13;11/06/2025;
6;12;0;14;947;FLORAL BACH COPROFAGIA 30ML;AP;TER O;01/11/2025;;;;;;;;;;;;;;6;12;0;14;;
6;12;0;15;949;FLORAL BACH MARCA  O TERRITORIO 30ML;AP;TER O;01/09/2025;01/11/2025;;;;;;;;;;;;;6;12;0;15;;
6;12;0;16;952;FLORAL BACH TRATAMENTO STRESS 30ML;AP;TER O;01/09/2026;;;;;;;;;;;;;;6;12;0;16;11/06/2025;
6;12;0;17;951;FLORAL BACH PSEUDOCIESE 30ML;AP;TER O;01/09/2025;01/05/2026;;;;;;;;;;;;;6;12;0;17;11/06/2025;
6;12;0;18;948;FLORAL BACH HIPERATIVIDADE 30ML;AP;TER O;01/05/2026;;;;;;;;;;;;;;6;12;0;18;11/06/2025;
6;12;0;19;943;FLORAL BACH AGRESSIVIDADE 30ML;AP;TER O;01/03/2026;01/09/2026;;;;;;;;;;;;;6;12;0;19;11/06/2025;
6;12;0;20;876;FLORAL BACH LAMBEDURA 30ML;AP;TER O;01/09/2026;;;;;;;;;;;;;;6;12;0;20;11/06/2025;
6;12;0;21;1458;HEXAMILL MENTA PP 200ML;AP;TER O;;;;;;;;;;;;;;;6;12;0;21;;
6;12;0;22;1459;HEXAMILL TUTTI FRUTTI PP 200ML;AP;TER O;;;;;;;;;;;;;;;6;12;0;22;;
6;12;0;23;1457;LISTERC O PP 250ML;AP;TER O;;;;;;;;;;;;;;;6;12;0;23;;
6;12;2;1;;;AE;INTEIRO;;;;;6;12;2;1;;;;;;;;;;;;
6;12;2;2;;;AE;INTEIRO;;;;;6;12;2;2;;;;;;;;;;;;
6;13;0;1;1846;PTCO GATO WANPY CRE ATUM E BACALHAU 14GX5 70G;AP;TER O;21/12/2026;;;;;;;;;;;;;;6;13;0;1;;
6;13;0;2;1842;PTCO GATO WANPY CRE FGO E CARANQUEIJO 14GX5 70G;AP;TER O;21/12/2026;;;;;;;;;;;;;;6;13;0;2;;
6;13;0;3;1845;PTCO GATO WANPY CRE ATUM 14GX5 70G;AP;TER O;21/12/2026;;;;;;;;;;;;;;6;13;0;3;;
6;13;0;4;1844;PTCO GATO WANPY CRE FRANGO 14GX5 70G;AP;TER O;21/12/2026;;;;;;;;;;;;;;6;13;0;4;;
6;13;0;5;1847;PTCO GATO WANPY CRE ATUM E SALMAO 14GX5 70G;AP;TER O;15/12/2026;;;;;;;;;;;;;;6;13;0;5;;
6;13;1;1;;;AE;INTEIRO;;;;;6;13;1;1;;;;;;;;;;;;
6;13;2;1;1514;TAPETE HIGIENICO CARVAO BAMBU 80 X 58 C/;AE;INTEIRO;01/05/2027;;;;6;13;2;1;;;;;;;;;;;;
6;14;0;1;1739;PUPS SHAMPOO NEUTRO 10L;AP;TER O;26/09/2026;;;;;;;;;;;;;;6;14;0;1;;
6;14;0;2;1742;PUPS SHAMPOO BRANQUEADOR 10L;AP;TER O;23/09/2026;;;;;;;;;;;;;;6;14;0;2;;
6;14;0;3;1737;PUPS CONDICIONADOR 5L;AP;TER O;18/09/2026;;;;;;;;;;;;;;6;14;0;3;;
6;14;0;4;1735;PUPS SHAMPOO 2 EM 1 5L;AP;TER O;26/09/2026;;;;;;;;;;;;;;6;14;0;4;;
6;14;0;5;1732;PUPS SHAMPOO FILHOTES 5L;AP;TER O;10/09/2026;;;;;;;;;;;;;;6;14;0;5;;
6;14;0;6;1744;PUPS SHAMPOO NATURAL 3 EM 1 5L;AP;TER O;26/09/2026;;;;;;;;;;;;;;6;14;0;6;;
6;14;0;7;1738;PUPS SHAMPOO NEUTRO 5L;AP;TER O;17/09/2026;26/09/2026;;;;;;;;;;;;;6;14;0;7;;
6;14;0;8;1741;PUPS SHAMPOO BRANQUEADOR 5L;AP;TER O;23/09/2026;;;;;;;;;;;;;;6;14;0;8;;
6;14;0;9;1736;PUPS CONDICIONADOR 500ML;AP;TER O;18/09/2026;;;;;;;;;;;;;;6;14;0;9;;
6;14;0;10;1733;PUPS SHAMPOO NEUTRO 500ML;AP;TER O;30/09/2026;;;;;;;;;;;;;;6;14;0;10;;
6;14;0;11;1734;PUPS SHAMPOO 2 EM 1 500ML;AP;TER O;19/09/2026;;;;;;;;;;;;;;6;14;0;11;;
6;14;0;12;1743;PUPS SHAMPOO NATURAL 3 EM 1 500ML;AP;TER O;20/09/2026;;;;;;;;;;;;;;6;14;0;12;;
6;14;0;13;1731;PUPS SHAMPOO FILHOTES 500ML;AP;TER O;10/09/2026;;;;;;;;;;;;;;6;14;0;13;;
6;14;0;14;1740;PUPS SHAMPOO BRANQUEADOR 500ML;AP;TER O;23/09/2026;;;;;;;;;;;;;;6;14;0;14;;
6;14;2;1;;;AE;INTEIRO;;;;;6;14;2;1;;;;;;;;;;;;
6;14;2;2;;;AE;INTEIRO;;;;;6;14;2;2;;;;;;;;;;;;
6;16;0;1;1228;PEROXI PET CONCENTRADO LIM O 1L;AP;TER O;01/06/2026;;;;;;;;;;;;;;6;16;0;1;;
6;16;0;2;1227;PEROXI PET CONCENTRADO SERINGAL 1L;AP;TER O;01/06/2026;;;;;;;;;;;;;;6;16;0;2;;
6;16;0;3;1226;PEROXI PET SPRAY LIM O 500ML;AP;TER O;;;;;;;;;;;;;;;6;16;0;3;;
6;16;0;4;1225;PEROXI PET SPRAY SERINGAL 500ML;AP;TER O;;;;;;;;;;;;;;;6;16;0;4;;
6;16;0;5;1439;HERBALBRILL 1000ML;AP;TER O;01/01/2027;;;;;;;;;;;;;;6;16;0;5;;
6;16;0;6;1438;HERBALBRILL 500ML;AP;TER O;01/02/2026;;;;;;;;;;;;;;6;16;0;6;;
6;16;0;7;1230;PEROXI PET ESPUMA LIM O 350ML;AP;TER O;01/09/2025;01/04/2026;;;;;;;;;;;;;6;16;0;7;;
6;16;0;8;1229;PEROXI PET ESPUMA SERINGAL 350ML;AP;TER O;01/09/2025;01/04/2026;;;;;;;;;;;;;6;16;0;8;;
6;16;1;1;;;AE;INTEIRO;;;;;6;16;1;1;;;;;;;;;;;;
6;16;1;2;;;AE;INTEIRO;;;;;6;16;1;2;;;;;;;;;;;;
6;16;2;1;;;AE;INTEIRO;;;;;6;16;2;1;;;;;;;;;;;;
6;16;2;2;;;AE;INTEIRO;;;;;6;16;2;2;;;;;;;;;;;;
7;1;0;1;22;ACC SHN MINI INDOOR ADULT 1KG;AP;MEIO;30/08/2026;14/09/2026;;;;;;;;;;;;;7;1;0;1;18/06/2025;
7;1;0;2;994;ACC SHN MINI DERMACOMFORT 1KG;AP;TER O;01/09/2026;14/10/2026;;;;;;;;;;;;;7;1;0;2;09/06/2025;
7;1;0;3;881;ACC SHN MINI AGEING 12+ 1KG;AP;TER O;22/08/2026;;;;;;;;;;;;;;7;1;0;3;;
7;1;2;1;;;;;;;;;7;1;2;1;;;;;;;;;;;;
7;2;0;1;739;ACC SHN X-SMALL AD 1KG;AP;MEIO;19/08/2026;19/09/2026;;;;;;;;;;;;;7;2;0;1;09/06/2025;
7;2;0;2;1628;ACC CCN MINI DIGEST CARE 1KG;AP;TER O;17/09/2026;;;;;;;;;;;;;;7;2;0;2;09/06/2025;
7;2;0;3;1667;ACC SHN MINI STAR MOT&BDOG 1KG;AP;TER O;30/01/2026;;;;;;;;;;;;;;7;2;0;3;;
7;2;2;1;;;;;;;;;7;2;2;1;;;;;;;;;;;;
7;3;0;1;19;ACC SHN MINI INDOOR PUPPY/JR 1KG;AP;MEIO;16/08/2026;01/09/2026;15/10/2026;;;;;;;;;;;;7;3;0;1;09/06/2025;
7;3;0;2;659;ACC SBN MALTES PUPPY 1KG;AP;TER O;27/05/2026;;;;;;;;;;;;;;7;3;0;2;;
7;3;0;3;54;ACC SBN SHIH TZU PUPPY 1KG;AP;TER O;11/06/2026;16/09/2026;;;;;;;;;;;;;7;3;0;3;09/06/2025;
7;3;2;1;;;;;;;;;7;3;2;1;;;;;;;;;;;;
7;4;0;1;1494;ACC SHN MINI INDOOR SENIOR 1 KG;AP;TER O;10/09/2026;10/10/2026;;;;;;;;;;;;;7;4;0;1;09/06/2025;
7;4;0;2;868;ACC SHN MINI ADULT 8+ 1KG;AP;TER O;04/09/2026;;;;;;;;;;;;;;7;4;0;2;;
7;4;0;3;10;ACC SHN MINI LIGHT 1KG;AP;TER O;28/08/2026;16/09/2026;09/10/2026;;;;;;;;;;;;7;4;0;3;09/06/2025;
7;4;0;4;51;ACC SBN DACHSHUND AD 1KG;AP;TER O;;;;;;;;;;;;;;;7;4;0;4;;
7;4;2;1;;;;;;;;;7;4;2;1;;;;;;;;;;;;
7;5;0;1;45;ACC SBN YORKSHIRE AD 1KG;AP;MEIO;21/07/2026;30/08/2026;12/10/2026;;;;;;;;;;;;7;5;0;1;09/06/2025;
7;5;0;2;661;ACC SBN MALTES AD 1KG;AP;TER O;16/07/2026;10/08/2026;01/09/2026;;;;;;;;;;;;7;5;0;2;09/06/2025;
7;5;0;3;686;ACC SBN BULLDOG FRANCES PUPPY 1KG;AP;TER O;17/05/2026;;;;;;;;;;;;;;7;5;0;3;;
7;5;2;1;;;;;;;;;7;5;2;1;;;;;;;;;;;;
7;6;0;1;4;ACC SHN MINI ADULT 1KG;AP;TER O;10/09/2026;13/10/2026;24/10/2026;;;;;;;;;;;;7;6;0;1;09/06/2025;
7;6;0;2;664;ACC SBN PUG AD 1KG;AP;TER O;24/05/2026;18/09/2026;;;;;;;;;;;;;7;6;0;2;09/06/2025;
7;6;0;3;1;ACC SHN MINI PUPPY/JR 1KG;AP;TER O;29/08/2026;14/11/2026;;;;;;;;;;;;;7;6;0;3;09/06/2025;
7;6;0;4;1469;ACC SHN PUG PUPPY 1KG;AP;TER O;27/10/2026;;;;;;;;;;;;;;7;6;0;4;09/06/2025;
7;6;2;1;;;;;;;;;7;6;2;1;;;;;;;;;;;;
7;7;0;1;327;ACC SBN SHIH TZU AD 1KG;AP;MEIO;22/07/2026;12/08/2026;17/09/2026;12/10/2026;;;;;;;;;;;7;7;0;1;09/06/2025;
7;7;0;2;69;ACC SBN YORKSHIRE PUPPY 1KG;AP;TER O;29/05/2026;19/07/2026;;;;;;;;;;;;;7;7;0;2;09/06/2025;
7;7;0;3;1318;ACC CAT PREM AD CASTRADO 1KG;AP;TER O;23/01/2026;26/01/2026;;;;;;;;;;;;;7;7;0;3;09/06/2025;
7;7;2;1;;;;;;;;;7;7;2;1;;;;;;;;;;;;
7;8;0;1;1525;ACC SBN POMERANIAN ADULT 1KG;AP;TER O;22/07/2026;04/09/2026;10/10/2026;;;;;;;;;;;;7;8;0;1;09/06/2025;
7;8;0;2;741;ACC SHN X-SMALL AD 8+ 1KG;AP;TER O;18/07/2026;;;;;;;;;;;;;;7;8;0;2;;
7;8;0;3;737;ACC SHN X-SMALL PUPPY/JR 1KG;AP;TER O;21/08/2026;14/09/2026;;;;;;;;;;;;;7;8;0;3;09/06/2025;
7;8;0;4;48;ACC SBN POODLE AD 1KG;AP;TER O;25/02/2026;;;;;;;;;;;;;;7;8;0;4;09/06/2025;
7;8;2;1;;;;;;;;;7;8;2;1;;;;;;;;;;;;
7;9;0;1;743;ACC SHN X-SMALL AGEING 12+ 1KG;AP;MEIO;06/06/2026;21/07/2026;01/09/2026;24/10/2026;;;;;;;;;;;7;9;0;1;09/06/2025;
7;9;0;2;1319;ACC CAT PREM AD VITALIDADE 1KG;AP;TER O;23/01/2026;;;;;;;;;;;;;;7;9;0;2;09/06/2025;
7;9;0;3;1314;ACC CAT PREM FILHOTE 1KG;AP;TER O;20/08/2025;25/11/2025;;;;;;;;;;;;;7;9;0;3;;
7;9;0;4;1316;ACC CAT PREM AD BELEZA PL 1KG;AP;TER O;24/01/2026;;;;;;;;;;;;;;7;9;0;4;09/06/2025;
7;9;2;1;;;;;;;;;7;9;2;1;;;;;;;;;;;;
8;1;0;1;199;ACC VDC/FEL RECOVERY WET 195G;AP;MEIO;07/08/2026;;;;;;;;;;;;;;8;1;0;1;;
8;1;1;1;199;ACC VDC/FEL RECOVERY WET 195G;AE;INTEIRO;31/08/2026;;;;8;1;1;1;;;;;;;;;;;;
8;1;2;1;;;;;;;;;8;1;2;1;;;;;;;;;;;;
8;2;0;1;129;ACC FHN HAIR & SKIN CARE 400G;AP;TER O;14/07/2026;23/10/2026;;;;;;;;;;;;;8;2;0;1;09/06/2025;
8;2;0;2;143;ACC FBN KITTEN PERSIAN 32  400G;AP;TER O;12/08/2026;;;;;;;;;;;;;;8;2;0;2;09/06/2025;
8;2;0;3;707;ACC FHN KITTEN STERILISED 400G;AP;TER O;29/08/2026;;;;;;;;;;;;;;8;2;0;3;09/06/2025;
8;2;0;4;121;ACC FHN EXIGENT 400G;AP;MEIO;19/09/2026;08/10/2026;;;;;;;;;;;;;8;2;0;4;09/06/2025;
8;2;2;1;121;ACC FHN EXIGENT 400G;AE;INTEIRO;23/10/2026;;;;8;2;2;1;;;;;;;;;;;09/06/2025;
8;3;0;1;191;ACC VDC GASTRO INTESTINAL WET 400G;AP;MEIO;09/10/2026;13/11/2026;18/12/2026;;;;;;;;;;;;8;3;0;1;18/06/2025;
8;3;0;2;965;ACC FHN BABY CAT INSTINCTIVE WET 195G;AP;TER O;13/08/2026;21/12/2026;;;;;;;;;;;;;8;3;0;2;18/06/2025;
8;3;0;3;1075;ACC VDC HYPOALLERGENIC WET 200G;AP;TER O;24/08/2026;07/10/2026;04/11/2026;;;;;;;;;;;;8;3;0;3;18/06/2025;
8;3;2;1;;;;;;;;;8;3;2;1;;;;;;;;;;;;
8;3;2;2;;;;;;;;;8;3;2;2;;;;;;;;;;;;
8;3;2;3;;;;;;;;;8;3;2;3;;;;;;;;;;;;
8;3;2;4;;;;;;;;;8;3;2;4;;;;;;;;;;;;
8;4;0;1;133;ACC FHN LIGHT 400G;AP;TER O;29/05/2026;;;;;;;;;;;;;;8;4;0;1;09/06/2025;
8;4;0;2;770;ACC FHN INDOOR 7+ 400G;AP;TER O;05/06/2026;;;;;;;;;;;;;;8;4;0;2;09/06/2025;
8;4;0;3;1633;ACC FCN APPETITE CONTROL 400G;AP;TER O;01/02/2026;;;;;;;;;;;;;;8;4;0;3;09/06/2025;
8;4;0;4;117;ACC FHN SENSIBLE 400G;AP;MEIO;17/08/2026;23/10/2026;;;;;;;;;;;;;8;4;0;4;09/06/2025;
8;4;2;1;;;;;;;;;8;4;2;1;;;;;;;;;;;;
8;4;2;2;;;;;;;;;8;4;2;2;;;;;;;;;;;;
8;4;2;3;;;;;;;;;8;4;2;3;;;;;;;;;;;;
8;5;0;1;1074;ACC VDC HYPOALLERGENIC WET 400G;AP;MEIO;08/09/2026;07/10/2026;27/12/2026;;;;;;;;;;;;8;5;0;1;18/06/2025;
8;5;0;2;1291;ACC VDC SATIETY SUP WET 410G;AP;TER O;17/08/2026;19/11/2026;;;;;;;;;;;;;8;5;0;2;18/06/2025;
8;5;0;3;197;ACC VDC HEPATIC WET 420G;AP;TER O;02/08/2026;30/10/2026;;;;;;;;;;;;;8;5;0;3;18/06/2025;
8;5;2;1;;;AE;INTEIRO;;;;;8;5;2;1;;;;;;;;;;;;
8;5;2;2;;;;;;;;;8;5;2;2;;;;;;;;;;;;
8;6;0;1;114;ACC FHN FIT 400G;AP;TER O;11/09/2026;26/10/2026;;;;;;;;;;;;;8;6;0;1;09/06/2025;
8;6;0;2;1077;ACC FHN MOTHER BABY 400G;AP;TER O;08/08/2026;13/11/2026;;;;;;;;;;;;;8;6;0;2;09/06/2025;
8;6;0;3;126;ACC FHN INDOOR 400G;AP;TER O;26/08/2026;13/10/2026;;;;;;;;;;;;;8;6;0;3;09/06/2025;
8;6;0;4;522;ACC FHN STERILISED 400G;AP;MEIO;17/08/2026;03/09/2026;29/10/2026;;;;;;;;;;;;8;6;0;4;09/06/2025;
8;6;2;1;;;;;;;;;8;6;2;1;;;;;;;;;;;;
8;6;2;2;;;;;;;;;8;6;2;2;;;;;;;;;;;;
8;6;2;3;;;;;;;;;8;6;2;3;;;;;;;;;;;;
8;7;0;1;192;ACC VDC RENAL WET 410G;AP;MEIO;10/08/2026;24/08/2026;;;;;;;;;;;;;8;7;0;1;18/06/2025;
8;7;0;2;1380;ACC VDC URINARY S/O WET 410G;AP;TER O;12/09/2026;01/10/2026;11/10/2026;;;;;;;;;;;;8;7;0;2;18/06/2025;
8;7;0;3;198;ACC VDC CARDIAC WET 410G;AP;TER O;26/08/2026;;;;;;;;;;;;;;8;7;0;3;;
8;7;0;4;195;ACC VDC DIABETIC WET 410G;AP;TER O;10/10/2026;;;;;;;;;;;;;;8;7;0;4;18/06/2025;
8;7;2;1;;;;;;;;;8;7;2;1;;;;;;;;;;;;
8;7;2;2;;;;;;;;;8;7;2;2;;;;;;;;;;;;
8;8;0;1;697;ACC FHN STERILISED 7+ 400G;AP;TER O;13/08/2026;02/09/2026;;;;;;;;;;;;;8;8;0;1;09/06/2025;
8;8;0;2;137;ACC FBN PERSIAN 400G;AP;TER O;09/08/2026;16/09/2026;;;;;;;;;;;;;8;8;0;2;09/06/2025;
8;8;0;3;1482;ACC FCN DIGESTIVE CARE 400G;AP;TER O;31/08/2026;;;;;;;;;;;;;;8;8;0;3;09/06/2025;
8;8;0;4;106;ACC FHN KITTEN 400G;AP;TER O;08/08/2026;;;;;;;;;;;;;;8;8;0;4;;
8;8;0;5;131;ACC FHN HAIRBALL CARE 400G;AP;TER O;03/09/2026;;;;;;;;;;;;;;8;8;0;5;09/06/2025;
8;8;0;6;699;ACC FHN STERILISED 12+ 400G;AP;TER O;28/08/2026;;;;;;;;;;;;;;8;8;0;6;09/06/2025;
8;8;2;1;106;ACC FHN KITTEN 400G;AE;TER O;03/09/2026;;;;8;8;2;1;;;;;;;;;;;09/06/2025;
8;8;2;2;131;ACC FHN HAIRBALL CARE 400G;AE;TER O;31/10/2026;;;;8;8;2;2;;;;;;;;;;;09/06/2025;
8;8;2;3;;;;;;;;;8;8;2;3;;;;;;;;;;;;
8;9;0;1;1700;ACC VDC GASTRO INTESTINAL LOW FAT WET 420G;AP;MEIO;17/09/2026;;;;;;;;;;;;;;8;9;0;1;;
8;9;1;1;;;;;;;;;8;9;1;1;;;;;;;;;;;;
8;9;2;1;;;;;;;;;8;9;2;1;;;;;;;;;;;;
8;10;0;1;1706;ACC VDF HYPOALLERGENIC 400G;AP;TER O;23/10/2025;;;;;;;;;;;;;;8;10;0;1;;
8;10;0;2;1704;ACC VDF SATIETY 400G;AP;TER O;04/11/2025;;;;;;;;;;;;;;8;10;0;2;;
8;10;0;3;1718;ACC VDF RENAL 400G;AP;TER O;22/07/2026;22/10/2026;;;;;;;;;;;;;8;10;0;3;09/06/2025;
8;10;0;4;1717;ACC VDF RENAL SPECIAL400G;AP;TER O;06/10/2026;25/10/2026;;;;;;;;;;;;;8;10;0;4;09/06/2025;
8;10;0;5;1709;ACC VDF URINARY S/O 400G;AP;TER O;17/09/2026;11/10/2026;;;;;;;;;;;;;8;10;0;5;09/06/2025;
8;10;0;6;1705;ACC VDF GASTRO INTESTINAL 400G;AP;TER O;16/09/2026;23/10/2026;;;;;;;;;;;;;8;10;0;6;09/06/2025;
8;10;0;7;1672;ACC SHN X-SMALL PUPPY/JR 500G;AP;TER O;29/03/2026;;;;;;;;;;;;;;8;10;0;7;;
8;10;0;8;1694;ACC FCN DENTAL CARE 400G;AP;TER O;14/10/2025;;;;;;;;;;;;;;8;10;0;8;;
8;10;0;9;1671;ACC SBN YORKSHIRE PUPPY 500G;AP;TER O;;;;;;;;;;;;;;;8;10;0;9;;
8;10;2;1;;;;;;;;;8;10;2;1;;;;;;;;;;;;
8;10;2;2;;;;;;;;;8;10;2;2;;;;;;;;;;;;
8;10;2;3;;;;;;;;;8;10;2;3;;;;;;;;;;;;
9;2;0;1;941;ACC FHN STERILISED WET 85G;AP;MEIO;23/12/2026;12/02/2027;;;;;;;;;;;;;9;2;0;1;;
9;2;0;2;1145;ACC FHN INSTINCTIVE 7+ WET 85G;AP;MEIO;29/10/2026;;;;;;;;;;;;;;9;2;0;2;17/06/2025;
9;2;0;3;1701;ACC FCN DIGESTIVE CARE GRAVY WET 85G;AP;MEIO;23/11/2026;09/02/2027;;;;;;;;;;;;;9;2;0;3;17/06/2025;
9;4;0;1;642;ACC FHN LIGHT WET 85GR;AP;TER O;26/09/2026;;;;;;;;;;;;;;9;4;0;1;18/06/2025;
9;4;0;2;1288;ACC FHN HAIRBALL CARE WET 85G;AP;TER O;03/10/2026;;;;;;;;;;;;;;9;4;0;2;17/06/2025;
9;4;0;3;1146;ACC FHN AGEING 12+ WET 85G;AP;TER O;25/07/2026;04/01/2027;;;;;;;;;;;;;9;4;0;3;18/06/2025;
9;4;0;4;1636;ACC FHN STERILISED LOAF WET 85G;AP;TER O;18/09/2026;03/12/2026;;;;;;;;;;;;;9;4;0;4;18/06/2025;
9;4;0;5;1676;ACC FHN STERILISED GELATINA WET 85G;AP;TER O;07/03/2026;16/11/2026;23/01/2027;;;;;;;;;;;;9;4;0;5;17/06/2025;
9;6;0;1;641;ACC FHN KITTEN INSTINCTIVE WET 85G;AP;MEIO;11/12/2026;03/01/2027;;;;;;;;;;;;;9;6;0;1;18/06/2025;
9;6;0;2;1533;ACC VDF GASTRO INTESTINAL FELINE WET 85G;AP;TER O;24/08/2026;20/09/2026;24/11/2026;26/01/2027;;;;;;;;;;;9;6;0;2;;
9;6;0;3;1216;ACC VDF RENAL S/O WET 85G;AP;TER O;26/09/2026;;;;;;;;;;;;;;9;6;0;3;18/06/2025;
9;6;0;4;1721;ACC VDF RENAL FEL WET FISH 85G;AP;TER O;03/04/2026;27/04/2026;;;;;;;;;;;;;9;6;0;4;17/06/2025;
9;6;0;5;1496;ACC VDF SATIETY FELINE WET 85G;AP;TER O;15/10/2026;14/12/2026;;;;;;;;;;;;;9;6;0;5;;
9;6;0;6;1513;ACC VDF URINARY S/O WET 85G;AP;TER O;04/02/2026;29/12/2026;;;;;;;;;;;;;9;6;0;6;18/06/2025;
9;8;0;1;644;ACC FHN INSTINCTIVE WET 85G;AP;MEIO;24/11/2026;19/12/2026;;;;;;;;;;;;;9;8;0;1;;
9;8;0;2;1684;ACC FHN KIT STERILISED GRAVY WET 85G;AP;TER O;;;;;;;;;;;;;;;9;8;0;2;;
9;8;0;3;1708;ACC FCN HAIR&SKIN GRAVY WET 85G;AP;TER O;13/04/2026;;;;;;;;;;;;;;9;8;0;3;;
9;8;0;4;175;ACC FCN APPETI CONTROL WET 85G;AP;TER O;19/08/2026;12/10/2026;;;;;;;;;;;;;9;8;0;4;17/06/2025;
9;8;0;5;1697;ACC FCN DIGESTIVE LOAF WET 85G;AP;TER O;01/02/2027;;;;;;;;;;;;;;9;8;0;5;17/06/2025;
9;8;0;6;1698;ACC FCN HAIR&SKIN PATE WET 85G;AP;TER O;;;;;;;;;;;;;;;9;8;0;6;;
9;8;0;7;1512;ACC CCN COAT BEAUTY WET 85G;AP;TER O;21/02/2026;;;;;;;;;;;;;;9;8;0;7;;
9;8;0;8;1510;ACC CCN DIGESTIVE CARE WET 85G;AP;TER O;29/10/2026;07/12/2026;;;;;;;;;;;;;9;8;0;8;17/06/2025;
9;8;0;9;1511;ACC CCN DERMACOMFORT WET 85G;AP;TER O;14/06/2026;20/11/2026;;;;;;;;;;;;;9;8;0;9;17/06/2025;
9;8;0;10;1509;ACC CCN LIGHT WEIGHT CARE WET 85G;AP;TER O;19/10/2026;30/10/2026;12/12/2026;;;;;;;;;;;;9;8;0;10;;
9;10;0;1;1505;ACC SHN MINI ADULT WET 85G;AP;MEIO;27/07/2026;;;;;;;;;;;;;;9;10;0;1;;
9;10;0;2;1504;ACC SHN MINI PUPPY WET  85G;AP;TER O;17/05/2026;;;;;;;;;;;;;;9;10;0;2;;
9;10;0;3;1506;ACC SHN MINI AGEING WET 85G;AP;TER O;22/04/2026;27/06/2026;;;;;;;;;;;;;9;10;0;3;18/06/2025;
9;10;0;4;1529;ACC BHN POMERANIAN WET 85G;AP;TER O;28/06/2026;17/10/2026;;;;;;;;;;;;;9;10;0;4;17/06/2025;
9;10;0;5;1534;ACC BHN SHIH TZU WET 85G;AP;TER O;03/09/2026;;;;;;;;;;;;;;9;10;0;5;;
9;10;0;6;1508;ACC BHN YORKSHIRE ADULT WET 85G;AP;TER O;07/08/2026;11/09/2026;;;;;;;;;;;;;9;10;0;6;18/06/2025;
9;10;0;7;1683;ACC SHN S-XMALL PUPPY WET 85G;AP;TER O;;;;;;;;;;;;;;;9;10;0;7;;
9;10;0;8;1500;ACC SHN MEDIUM PUPPY WET 140G;AP;TER O;22/02/2026;04/06/2026;;;;;;;;;;;;;9;10;0;8;17/06/2025;
9;10;0;9;1501;ACC SHN MEDIUM ADULT WET 140G;AP;TER O;02/08/2026;;;;;;;;;;;;;;9;10;0;9;;
9;10;0;10;1503;ACC SHN MAXI ADULT WET 140G;AP;TER O;03/08/2026;;;;;;;;;;;;;;9;10;0;10;17/06/2025;
9;10;0;11;1502;ACC SHN MAXI PUPPY WET 140G;AP;TER O;22/11/2025;;;;;;;;;;;;;;9;10;0;11;;
